image,time,media,plate_index,sample,OD_chrom
48h_LB_1,48h,LB,1,WT,0.2702701540032234
48h_LB_1,48h,LB,1,kanR,0.25470202640694845
48h_LB_1,48h,LB,1,rpoS,0.25312145923469653
48h_LB_1,48h,LB,1,PA14,0.2395719195423872
48h_LB_1,48h,LB,1,PA14_rpoS,0.28168148851067876
48h_LB_10,48h,LB,10,WT,0.22796548371454692
48h_LB_10,48h,LB,10,kanR,0.24035188450644296
48h_LB_10,48h,LB,10,rpoS,0.21588645549425395
48h_LB_10,48h,LB,10,PA14,0.41462934663817574
48h_LB_10,48h,LB,10,PA14_rpoS,0.375044978064914
48h_LB_11,48h,LB,11,WT,0.23117658879364483
48h_LB_11,48h,LB,11,kanR,0.24115835548337594
48h_LB_11,48h,LB,11,rpoS,0.20382402998952576
48h_LB_11,48h,LB,11,PA14,0.5519289507909843
48h_LB_11,48h,LB,11,PA14_rpoS,0.4470057098222182
48h_LB_12,48h,LB,12,WT,0.2408563663500808
48h_LB_12,48h,LB,12,kanR,0.21990640374650247
48h_LB_12,48h,LB,12,rpoS,0.20807328478775766
48h_LB_12,48h,LB,12,PA14,0.42702317288981817
48h_LB_12,48h,LB,12,PA14_rpoS,0.41140062575987046
48h_LB_2,48h,LB,2,WT,0.22777552445668117
48h_LB_2,48h,LB,2,kanR,0.22979295310798725
48h_LB_2,48h,LB,2,rpoS,0.20761420480324544
48h_LB_2,48h,LB,2,PA14,0.22604688765971503
48h_LB_2,48h,LB,2,PA14_rpoS,0.25604826884549825
48h_LB_3,48h,LB,3,WT,0.20601368794525046
48h_LB_3,48h,LB,3,kanR,0.22879888447557822
48h_LB_3,48h,LB,3,rpoS,0.20054001860991408
48h_LB_3,48h,LB,3,PA14,0.2644234916925301
48h_LB_3,48h,LB,3,PA14_rpoS,0.2624455433753491
48h_LB_4,48h,LB,4,WT,0.21779417524164174
48h_LB_4,48h,LB,4,kanR,0.2320600494140107
48h_LB_4,48h,LB,4,rpoS,0.20283704602202707
48h_LB_4,48h,LB,4,PA14,0.4936387532332487
48h_LB_4,48h,LB,4,PA14_rpoS,0.44655941218986506
48h_LB_5,48h,LB,5,WT,0.22356204626514176
48h_LB_5,48h,LB,5,kanR,0.22067754819744428
48h_LB_5,48h,LB,5,rpoS,0.20842248821667297
48h_LB_5,48h,LB,5,PA14,0.45031067389627444
48h_LB_5,48h,LB,5,PA14_rpoS,0.3860929740464084
48h_LB_6,48h,LB,6,WT,0.17703739344478947
48h_LB_6,48h,LB,6,kanR,0.18947657373763221
48h_LB_6,48h,LB,6,rpoS,0.2101280779798585
48h_LB_6,48h,LB,6,PA14,0.27298169702163133
48h_LB_6,48h,LB,6,PA14_rpoS,0.29277942489549813
48h_LB_7,48h,LB,7,WT,0.2269849795797108
48h_LB_7,48h,LB,7,kanR,0.2298354427958116
48h_LB_7,48h,LB,7,rpoS,0.23127250889888976
48h_LB_7,48h,LB,7,PA14,0.2813418305586549
48h_LB_7,48h,LB,7,PA14_rpoS,0.2938068759159309
48h_LB_8,48h,LB,8,WT,0.22521710710535128
48h_LB_8,48h,LB,8,kanR,0.2289086737728419
48h_LB_8,48h,LB,8,rpoS,0.23591182347245784
48h_LB_8,48h,LB,8,PA14,0.42737342403937373
48h_LB_8,48h,LB,8,PA14_rpoS,0.3988114042898957
48h_LB_9,48h,LB,9,WT,0.22056578691595852
48h_LB_9,48h,LB,9,kanR,0.22244610196621817
48h_LB_9,48h,LB,9,rpoS,0.20057810674997445
48h_LB_9,48h,LB,9,PA14,0.4406544123436251
48h_LB_9,48h,LB,9,PA14_rpoS,0.3857644040504472
48h_NaCl-_1,48h,NaCl-,1,WT,0.0335205187090995
48h_NaCl-_1,48h,NaCl-,1,kanR,0.03647513895770138
48h_NaCl-_1,48h,NaCl-,1,rpoS,0.04879289990626845
48h_NaCl-_1,48h,NaCl-,1,PA14,0.0673623174899396
48h_NaCl-_1,48h,NaCl-,1,PA14_rpoS,0.05589352926389435
48h_NaCl-_10,48h,NaCl-,10,WT,0.07284121384468967
48h_NaCl-_10,48h,NaCl-,10,kanR,0.0691625245894833
48h_NaCl-_10,48h,NaCl-,10,rpoS,0.07691033801082459
48h_NaCl-_10,48h,NaCl-,10,PA14,0.16480970925897942
48h_NaCl-_10,48h,NaCl-,10,PA14_rpoS,0.13482064166461305
48h_NaCl-_11,48h,NaCl-,11,WT,0.15821159311596342
48h_NaCl-_11,48h,NaCl-,11,kanR,0.16253203309393113
48h_NaCl-_11,48h,NaCl-,11,rpoS,0.15904220956831586
48h_NaCl-_11,48h,NaCl-,11,PA14,0.3849498537271515
48h_NaCl-_11,48h,NaCl-,11,PA14_rpoS,0.34855296544962433
48h_NaCl-_12,48h,NaCl-,12,WT,0.18313963029630567
48h_NaCl-_12,48h,NaCl-,12,kanR,0.16581245414371115
48h_NaCl-_12,48h,NaCl-,12,rpoS,0.17752970804604562
48h_NaCl-_12,48h,NaCl-,12,PA14,0.45600327527913975
48h_NaCl-_12,48h,NaCl-,12,PA14_rpoS,0.4486013197256524
48h_NaCl-_2,48h,NaCl-,2,WT,0.13978567103015543
48h_NaCl-_2,48h,NaCl-,2,kanR,0.14041507052689656
48h_NaCl-_2,48h,NaCl-,2,rpoS,0.1425972144025573
48h_NaCl-_2,48h,NaCl-,2,PA14,0.32733173374472735
48h_NaCl-_2,48h,NaCl-,2,PA14_rpoS,0.33134266834881343
48h_NaCl-_3,48h,NaCl-,3,WT,0.09734152079048786
48h_NaCl-_3,48h,NaCl-,3,kanR,0.08872505981131051
48h_NaCl-_3,48h,NaCl-,3,rpoS,0.10327996243043391
48h_NaCl-_3,48h,NaCl-,3,PA14,0.22321454962955445
48h_NaCl-_3,48h,NaCl-,3,PA14_rpoS,0.1912326390853848
48h_NaCl-_4,48h,NaCl-,4,WT,0.048121926617591404
48h_NaCl-_4,48h,NaCl-,4,kanR,0.051019318310808026
48h_NaCl-_4,48h,NaCl-,4,rpoS,0.07677452156818998
48h_NaCl-_4,48h,NaCl-,4,PA14,0.11682614250512702
48h_NaCl-_4,48h,NaCl-,4,PA14_rpoS,0.10946611753154911
48h_NaCl-_5,48h,NaCl-,5,WT,0.07960880026686362
48h_NaCl-_5,48h,NaCl-,5,kanR,0.0799683722223557
48h_NaCl-_5,48h,NaCl-,5,rpoS,0.09784095851789393
48h_NaCl-_5,48h,NaCl-,5,PA14,0.20490143218728707
48h_NaCl-_5,48h,NaCl-,5,PA14_rpoS,0.169121641591655
48h_NaCl-_6,48h,NaCl-,6,WT,0.12737790100799726
48h_NaCl-_6,48h,NaCl-,6,kanR,0.12356310252801223
48h_NaCl-_6,48h,NaCl-,6,rpoS,0.13629599391662373
48h_NaCl-_6,48h,NaCl-,6,PA14,0.30180279197823223
48h_NaCl-_6,48h,NaCl-,6,PA14_rpoS,0.28455386001136784
48h_NaCl-_7,48h,NaCl-,7,WT,0.09005229329196701
48h_NaCl-_7,48h,NaCl-,7,kanR,0.08755861643983293
48h_NaCl-_7,48h,NaCl-,7,rpoS,0.09024127261951698
48h_NaCl-_7,48h,NaCl-,7,PA14,0.1567855388208711
48h_NaCl-_7,48h,NaCl-,7,PA14_rpoS,0.12530636185053723
48h_NaCl-_8,48h,NaCl-,8,WT,0.1086455340712279
48h_NaCl-_8,48h,NaCl-,8,kanR,0.11019553638890422
48h_NaCl-_8,48h,NaCl-,8,rpoS,0.11907388674483535
48h_NaCl-_8,48h,NaCl-,8,PA14,0.22343832405269448
48h_NaCl-_8,48h,NaCl-,8,PA14_rpoS,0.2168286051116427
48h_NaCl-_9,48h,NaCl-,9,WT,0.20550506757786713
48h_NaCl-_9,48h,NaCl-,9,kanR,0.2231151579397363
48h_NaCl-_9,48h,NaCl-,9,rpoS,0.20141798217512932
48h_NaCl-_9,48h,NaCl-,9,PA14,0.5009742544236978
48h_NaCl-_9,48h,NaCl-,9,PA14_rpoS,0.4752972430055413
48h_R2A_1,48h,R2A,1,WT,0.07660755340065789
48h_R2A_1,48h,R2A,1,kanR,0.12295553252507341
48h_R2A_1,48h,R2A,1,rpoS,0.0703924193900572
48h_R2A_1,48h,R2A,1,PA14,0.19178513829169816
48h_R2A_1,48h,R2A,1,PA14_rpoS,0.13657142580777765
48h_R2A_10,48h,R2A,10,WT,0.014361135346718845
48h_R2A_10,48h,R2A,10,kanR,0.11279446791174219
48h_R2A_10,48h,R2A,10,rpoS,0.032480308510031586
48h_R2A_10,48h,R2A,10,PA14,0.13169542073848414
48h_R2A_10,48h,R2A,10,PA14_rpoS,0.06679561889074337
48h_R2A_11,48h,R2A,11,WT,0.02312547772592688
48h_R2A_11,48h,R2A,11,kanR,0.11612193393421509
48h_R2A_11,48h,R2A,11,rpoS,0.04586696392256705
48h_R2A_11,48h,R2A,11,PA14,0.13822926780254424
48h_R2A_11,48h,R2A,11,PA14_rpoS,0.06443137006195615
48h_R2A_12,48h,R2A,12,WT,0.0643824524035364
48h_R2A_12,48h,R2A,12,kanR,0.10419721173977083
48h_R2A_12,48h,R2A,12,rpoS,0.06661767148619077
48h_R2A_12,48h,R2A,12,PA14,0.1590715541187852
48h_R2A_12,48h,R2A,12,PA14_rpoS,0.10493054157162665
48h_R2A_2,48h,R2A,2,WT,0.09184764132250037
48h_R2A_2,48h,R2A,2,kanR,0.12200757276031346
48h_R2A_2,48h,R2A,2,rpoS,0.07767966253807392
48h_R2A_2,48h,R2A,2,PA14,0.18594441614576776
48h_R2A_2,48h,R2A,2,PA14_rpoS,0.14508022536841558
48h_R2A_3,48h,R2A,3,WT,0.04920552717916182
48h_R2A_3,48h,R2A,3,kanR,0.11318804201608632
48h_R2A_3,48h,R2A,3,rpoS,0.055264137557893805
48h_R2A_3,48h,R2A,3,PA14,0.15200156222320263
48h_R2A_3,48h,R2A,3,PA14_rpoS,0.09224118579526056
48h_R2A_4,48h,R2A,4,WT,0.04131741057877589
48h_R2A_4,48h,R2A,4,kanR,0.10648516345828159
48h_R2A_4,48h,R2A,4,rpoS,0.04448805171979488
48h_R2A_4,48h,R2A,4,PA14,0.14428063722791348
48h_R2A_5,48h,R2A,5,WT,0.09787953715740261
48h_R2A_5,48h,R2A,5,kanR,0.12644885668611006
48h_R2A_5,48h,R2A,5,rpoS,0.07068011525384992
48h_R2A_5,48h,R2A,5,PA14,0.1856646606338375
48h_R2A_5,48h,R2A,5,PA14_rpoS,0.1338236696777358
48h_R2A_6,48h,R2A,6,WT,0.04764025523979071
48h_R2A_6,48h,R2A,6,kanR,0.1181177489789811
48h_R2A_6,48h,R2A,6,rpoS,0.06273769292036807
48h_R2A_6,48h,R2A,6,PA14,0.16947656772260197
48h_R2A_6,48h,R2A,6,PA14_rpoS,0.11912596672638467
48h_R2A_7,48h,R2A,7,WT,0.025667389224349274
48h_R2A_7,48h,R2A,7,kanR,0.11043186226306226
48h_R2A_7,48h,R2A,7,rpoS,0.044877284067680254
48h_R2A_7,48h,R2A,7,PA14,0.1154048872487882
48h_R2A_7,48h,R2A,7,PA14_rpoS,0.07993256624192374
48h_R2A_8,48h,R2A,8,WT,0.0702536379388694
48h_R2A_8,48h,R2A,8,kanR,0.1123672061703685
48h_R2A_8,48h,R2A,8,rpoS,0.0604526360473298
48h_R2A_8,48h,R2A,8,PA14,0.14543739150639515
48h_R2A_8,48h,R2A,8,PA14_rpoS,0.10442544982155844
48h_R2A_9,48h,R2A,9,WT,0.08315815882577568
48h_R2A_9,48h,R2A,9,kanR,0.13461053860948863
48h_R2A_9,48h,R2A,9,rpoS,0.07061940482808134
48h_R2A_9,48h,R2A,9,PA14,0.16693265688467793
48h_R2A_9,48h,R2A,9,PA14_rpoS,0.1376073484919762
72h_LB_1,72h,LB,1,WT,0.3388233923230418
72h_LB_1,72h,LB,1,kanR,0.3309347052203322
72h_LB_1,72h,LB,1,rpoS,0.3013214011228118
72h_LB_1,72h,LB,1,PA14,0.6571206198441367
72h_LB_1,72h,LB,1,PA14_rpoS,0.6088918519436873
72h_LB_10,72h,LB,10,WT,0.31310949607500554
72h_LB_10,72h,LB,10,kanR,0.3377223710188592
72h_LB_10,72h,LB,10,rpoS,0.2587373483564886
72h_LB_10,72h,LB,10,PA14,0.608154795516413
72h_LB_10,72h,LB,10,PA14_rpoS,0.5450822334637535
72h_LB_11,72h,LB,11,WT,0.35063351709943
72h_LB_11,72h,LB,11,kanR,0.3266062270971119
72h_LB_11,72h,LB,11,rpoS,0.3042891163597615
72h_LB_11,72h,LB,11,PA14,0.6423845299366492
72h_LB_11,72h,LB,11,PA14_rpoS,0.5706046938777027
72h_LB_12,72h,LB,12,WT,0.4160957093867766
72h_LB_12,72h,LB,12,kanR,0.3835013112860993
72h_LB_12,72h,LB,12,rpoS,0.3560037471498976
72h_LB_12,72h,LB,12,PA14,0.6769250310457826
72h_LB_12,72h,LB,12,PA14_rpoS,0.6047726088387523
72h_LB_2,72h,LB,2,WT,0.34357633693057904
72h_LB_2,72h,LB,2,kanR,0.28394723368789127
72h_LB_2,72h,LB,2,rpoS,0.259747783611897
72h_LB_2,72h,LB,2,PA14,0.7541010332758155
72h_LB_2,72h,LB,2,PA14_rpoS,0.5837422043271989
72h_LB_3,72h,LB,3,WT,0.3129028489605517
72h_LB_3,72h,LB,3,kanR,0.30467174648943907
72h_LB_3,72h,LB,3,rpoS,0.26432121771778444
72h_LB_3,72h,LB,3,PA14,0.8656848224627776
72h_LB_3,72h,LB,3,PA14_rpoS,0.6184941021007553
72h_LB_4,72h,LB,4,WT,0.3265924654062343
72h_LB_4,72h,LB,4,kanR,0.330978912198736
72h_LB_4,72h,LB,4,rpoS,0.2597030411188507
72h_LB_4,72h,LB,4,PA14,0.7761719363246273
72h_LB_4,72h,LB,4,PA14_rpoS,0.6032395445249276
72h_LB_5,72h,LB,5,WT,0.27949011100971527
72h_LB_5,72h,LB,5,kanR,0.2580477771328124
72h_LB_5,72h,LB,5,rpoS,0.24956614260775822
72h_LB_5,72h,LB,5,PA14,0.7544253156123345
72h_LB_5,72h,LB,5,PA14_rpoS,0.5932210249761161
72h_LB_6,72h,LB,6,WT,0.32098281037571463
72h_LB_6,72h,LB,6,kanR,0.3016283788020839
72h_LB_6,72h,LB,6,rpoS,0.2879311510724697
72h_LB_6,72h,LB,6,PA14,0.7493040124426307
72h_LB_6,72h,LB,6,PA14_rpoS,0.5707651943493027
72h_LB_7,72h,LB,7,WT,0.22300367497466916
72h_LB_7,72h,LB,7,kanR,0.22737714475464935
72h_LB_7,72h,LB,7,rpoS,0.28720555542487003
72h_LB_7,72h,LB,7,PA14,0.6895267061254965
72h_LB_7,72h,LB,7,PA14_rpoS,0.5774890532600496
72h_LB_8,72h,LB,8,WT,0.325344797613772
72h_LB_8,72h,LB,8,kanR,0.26752500026846815
72h_LB_8,72h,LB,8,rpoS,0.24777133485492883
72h_LB_8,72h,LB,8,PA14,0.8174326822392715
72h_LB_8,72h,LB,8,PA14_rpoS,0.6141789353287458
72h_LB_9,72h,LB,9,WT,0.3018444249209238
72h_LB_9,72h,LB,9,kanR,0.2639540250023424
72h_LB_9,72h,LB,9,rpoS,0.24851845861139693
72h_LB_9,72h,LB,9,PA14,0.8130671169231725
72h_LB_9,72h,LB,9,PA14_rpoS,0.6210443071845226
72h_NaCl-_1,72h,NaCl-,1,WT,0.09077894955093685
72h_NaCl-_1,72h,NaCl-,1,kanR,0.07783859208763538
72h_NaCl-_1,72h,NaCl-,1,rpoS,0.10390830465582335
72h_NaCl-_1,72h,NaCl-,1,PA14,0.2672537557495738
72h_NaCl-_1,72h,NaCl-,1,PA14_rpoS,0.1777548967894218
72h_NaCl-_10,72h,NaCl-,10,WT,0.07423188919888901
72h_NaCl-_10,72h,NaCl-,10,kanR,0.057134821998569785
72h_NaCl-_10,72h,NaCl-,10,rpoS,0.10168174703470767
72h_NaCl-_10,72h,NaCl-,10,PA14,0.10013821903547204
72h_NaCl-_10,72h,NaCl-,10,PA14_rpoS,0.04757892500176353
72h_NaCl-_11,72h,NaCl-,11,WT,0.07729572148687114
72h_NaCl-_11,72h,NaCl-,11,kanR,0.09077318038586496
72h_NaCl-_11,72h,NaCl-,11,rpoS,0.10517748899747192
72h_NaCl-_11,72h,NaCl-,11,PA14,0.19526809136616796
72h_NaCl-_11,72h,NaCl-,11,PA14_rpoS,0.14843719191153992
72h_NaCl-_12,72h,NaCl-,12,WT,0.02096840453961646
72h_NaCl-_12,72h,NaCl-,12,kanR,0.025608716623067518
72h_NaCl-_12,72h,NaCl-,12,rpoS,0.05805305153671081
72h_NaCl-_12,72h,NaCl-,12,PA14,-0.05069755577093282
72h_NaCl-_12,72h,NaCl-,12,PA14_rpoS,-0.04961676858042785
72h_NaCl-_2,72h,NaCl-,2,WT,0.09833040336144527
72h_NaCl-_2,72h,NaCl-,2,kanR,0.09427520413205381
72h_NaCl-_2,72h,NaCl-,2,rpoS,0.10927786985638593
72h_NaCl-_2,72h,NaCl-,2,PA14,0.18712389528263507
72h_NaCl-_2,72h,NaCl-,2,PA14_rpoS,0.14459795176821344
72h_NaCl-_3,72h,NaCl-,3,WT,0.04749158269488063
72h_NaCl-_3,72h,NaCl-,3,kanR,0.03231896695303571
72h_NaCl-_3,72h,NaCl-,3,rpoS,0.05738446186300844
72h_NaCl-_3,72h,NaCl-,3,PA14,0.03276463282043629
72h_NaCl-_3,72h,NaCl-,3,PA14_rpoS,-0.0069896883569722235
72h_NaCl-_4,72h,NaCl-,4,WT,0.10668137597285537
72h_NaCl-_4,72h,NaCl-,4,kanR,0.11740554602226849
72h_NaCl-_4,72h,NaCl-,4,rpoS,0.11728106630115298
72h_NaCl-_4,72h,NaCl-,4,PA14,0.29602012477538
72h_NaCl-_4,72h,NaCl-,4,PA14_rpoS,0.19609260363304526
72h_NaCl-_5,72h,NaCl-,5,WT,0.07474252442334928
72h_NaCl-_5,72h,NaCl-,5,kanR,0.07483250975962119
72h_NaCl-_5,72h,NaCl-,5,rpoS,0.08872852881759702
72h_NaCl-_5,72h,NaCl-,5,PA14,0.056509294917613806
72h_NaCl-_5,72h,NaCl-,5,PA14_rpoS,0.04715568086380939
72h_NaCl-_6,72h,NaCl-,6,WT,0.05684359857650334
72h_NaCl-_6,72h,NaCl-,6,kanR,0.04925281944630583
72h_NaCl-_6,72h,NaCl-,6,rpoS,0.07833489712346481
72h_NaCl-_6,72h,NaCl-,6,PA14,0.021381493782667738
72h_NaCl-_6,72h,NaCl-,6,PA14_rpoS,-0.01792025946930287
72h_NaCl-_7,72h,NaCl-,7,WT,0.11124606704199147
72h_NaCl-_7,72h,NaCl-,7,kanR,0.09703317151229063
72h_NaCl-_7,72h,NaCl-,7,rpoS,0.13235958020595695
72h_NaCl-_7,72h,NaCl-,7,PA14,0.19787581007053956
72h_NaCl-_7,72h,NaCl-,7,PA14_rpoS,0.10658867921157622
72h_NaCl-_8,72h,NaCl-,8,WT,0.08300262544161696
72h_NaCl-_8,72h,NaCl-,8,kanR,0.07006067870512667
72h_NaCl-_8,72h,NaCl-,8,rpoS,0.11466034187592722
72h_NaCl-_8,72h,NaCl-,8,PA14,0.1356591050267617
72h_NaCl-_8,72h,NaCl-,8,PA14_rpoS,0.06606946481826292
72h_NaCl-_9,72h,NaCl-,9,WT,0.03225845575782882
72h_NaCl-_9,72h,NaCl-,9,kanR,0.025202954773597297
72h_NaCl-_9,72h,NaCl-,9,rpoS,0.06806642259205037
72h_NaCl-_9,72h,NaCl-,9,PA14,-0.018197295993392926
72h_NaCl-_9,72h,NaCl-,9,PA14_rpoS,-0.03802491386580531
72h_R2A_1,72h,R2A,1,WT,0.017933347492094465
72h_R2A_1,72h,R2A,1,kanR,0.15404310069551572
72h_R2A_1,72h,R2A,1,rpoS,0.04407601569265429
72h_R2A_1,72h,R2A,1,PA14,0.2718514220733966
72h_R2A_1,72h,R2A,1,PA14_rpoS,0.15822673831185907
72h_R2A_10,72h,R2A,10,WT,-0.023245204273858622
72h_R2A_10,72h,R2A,10,kanR,0.153302935326577
72h_R2A_10,72h,R2A,10,rpoS,0.0261599848062902
72h_R2A_10,72h,R2A,10,PA14,0.26989886530763746
72h_R2A_10,72h,R2A,10,PA14_rpoS,0.14541028195016292
72h_R2A_11,72h,R2A,11,WT,0.04384990010463097
72h_R2A_11,72h,R2A,11,kanR,0.16757065542123015
72h_R2A_11,72h,R2A,11,rpoS,0.04461243587446875
72h_R2A_11,72h,R2A,11,PA14,0.289279405388153
72h_R2A_11,72h,R2A,11,PA14_rpoS,0.15435091541373036
72h_R2A_12,72h,R2A,12,WT,0.006454284157177359
72h_R2A_12,72h,R2A,12,kanR,0.18400506741412728
72h_R2A_12,72h,R2A,12,rpoS,0.043764353911699375
72h_R2A_12,72h,R2A,12,PA14,0.2864479962136912
72h_R2A_12,72h,R2A,12,PA14_rpoS,0.14346059843050557
72h_R2A_2,72h,R2A,2,WT,-0.02895397888816159
72h_R2A_2,72h,R2A,2,kanR,0.17104144336161947
72h_R2A_2,72h,R2A,2,rpoS,0.035744982785017365
72h_R2A_2,72h,R2A,2,PA14,0.2719435857912526
72h_R2A_2,72h,R2A,2,PA14_rpoS,0.15917266067655475
72h_R2A_3,72h,R2A,3,WT,-0.10962427843544065
72h_R2A_3,72h,R2A,3,kanR,0.1452845169708573
72h_R2A_3,72h,R2A,3,rpoS,-0.0037348160026086374
72h_R2A_3,72h,R2A,3,PA14,0.21393405202444016
72h_R2A_3,72h,R2A,3,PA14_rpoS,0.09332140066383929
72h_R2A_4,72h,R2A,4,WT,0.01919968971406999
72h_R2A_4,72h,R2A,4,kanR,0.1601097209956203
72h_R2A_4,72h,R2A,4,rpoS,0.03608508194750154
72h_R2A_4,72h,R2A,4,PA14,0.2576965758501459
72h_R2A_4,72h,R2A,4,PA14_rpoS,0.15219825501139095
72h_R2A_5,72h,R2A,5,WT,-0.026836583737289477
72h_R2A_5,72h,R2A,5,kanR,0.15544391413072653
72h_R2A_5,72h,R2A,5,rpoS,0.024897085681113845
72h_R2A_5,72h,R2A,5,PA14,0.2270165480106353
72h_R2A_5,72h,R2A,5,PA14_rpoS,0.1441942538514661
72h_R2A_6,72h,R2A,6,WT,0.026805762683214773
72h_R2A_6,72h,R2A,6,kanR,0.17277680039083407
72h_R2A_6,72h,R2A,6,rpoS,0.0487018513145516
72h_R2A_6,72h,R2A,6,PA14,0.269454632043773
72h_R2A_6,72h,R2A,6,PA14_rpoS,0.12796101724632833
72h_R2A_7,72h,R2A,7,WT,-0.033574734081187
72h_R2A_7,72h,R2A,7,kanR,0.1668063591020471
72h_R2A_7,72h,R2A,7,rpoS,0.061664358667693556
72h_R2A_7,72h,R2A,7,PA14,0.2518858354132258
72h_R2A_7,72h,R2A,7,PA14_rpoS,0.13606708184590793
72h_R2A_8,72h,R2A,8,WT,0.03550323251403931
72h_R2A_8,72h,R2A,8,kanR,0.1657750483123796
72h_R2A_8,72h,R2A,8,rpoS,0.05289883997112632
72h_R2A_8,72h,R2A,8,PA14,0.2842128144290951
72h_R2A_8,72h,R2A,8,PA14_rpoS,0.1400538259648276
72h_R2A_9,72h,R2A,9,WT,-0.024801790718915473
72h_R2A_9,72h,R2A,9,kanR,0.1728734894956065
72h_R2A_9,72h,R2A,9,rpoS,0.018032248880113122
72h_R2A_9,72h,R2A,9,PA14,0.2526486293648498
