image,time,media,plate_index,sample,sector,cx,cy,r_eff,area_px,bg_area_px,core_R,core_G,ref_R,ref_G,OD_R,OD_G,OD_chrom
48h_LB_1,48h,LB,1,WT,1,2105.597527031367,3071.5005888020555,77.11462438270433,18682,11000,0.020820757374167442,0.008432294242084026,0.0156710147857666,0.008316166698932648,-0.2841376257146599,-0.013867471711436513,0.2702701540032234
48h_LB_1,48h,LB,1,kanR,2,2139.2245546411086,3644.2778414418167,78.17233011082894,19198,11102,0.02116108313202858,0.008603815920650959,0.016174564138054848,0.008484016172587872,-0.26872390001283925,-0.014021873605890803,0.25470202640694845
48h_LB_1,48h,LB,1,rpoS,3,2624.323270982696,3881.525092986901,76.84378113156264,18551,10979,0.021593822166323662,0.009027238935232162,0.016464484855532646,0.00886549148708582,-0.2712016348676941,-0.018080175632997547,0.25312145923469653
48h_LB_1,48h,LB,1,PA14,4,3092.343028441185,3595.3694876622735,80.15067138184972,20182,12192,0.047974780201911926,0.021753577515482903,0.015121690928936005,0.00871290173381567,-1.15454526194745,-0.9149733424050629,0.2395719195423872
48h_LB_1,48h,LB,1,PA14_rpoS,5,3085.9888548741988,3047.9761790873436,81.57564882094611,20906,12341,0.04303756728768349,0.01995251327753067,0.013733119703829288,0.008438238874077797,-1.1422629801098092,-0.8605814915991304,0.28168148851067876
48h_LB_10,48h,LB,10,WT,1,2154.576028280705,3022.881240147136,81.62830910588121,20933,12343,0.015513070859014988,0.00823913048952818,0.01187151949852705,0.0079194325953722,-0.267540737690995,-0.039575253976448094,0.22796548371454692
48h_LB_10,48h,LB,10,kanR,2,2123.85258049366,3591.251108907791,78.10103935889701,19163,11151,0.015878641977906227,0.008324125781655312,0.0120393680408597,0.00802624598145485,-0.2767929841956192,-0.03644109968917625,0.24035188450644296
48h_LB_10,48h,LB,10,rpoS,3,2581.5004658461235,3816.7946354141127,80.5685640243516,20393,12232,0.015783218666911125,0.008574655279517174,0.012176699936389923,0.008209354244172573,-0.2594229815180929,-0.04353652602383894,0.21588645549425395
48h_LB_10,48h,LB,10,PA14,4,3007.593787009201,3632.2286143755123,83.59530633521801,21954,12658,0.03734225779771805,0.017273874953389168,0.011657892726361752,0.008163576945662498,-1.1641421643505088,-0.749512817712333,0.41462934663817574
48h_LB_10,48h,LB,10,PA14_rpoS,5,3057.991354716002,3098.42828736924,85.81247524093344,23134,13685,0.033070679754018784,0.01729951798915863,0.010605020448565483,0.00807202234864235,-1.1373195655723445,-0.7622745875074305,0.375044978064914
48h_LB_11,48h,LB,11,WT,1,2088.8289250424195,3003.1789599760455,79.86421914318575,20038,11272,0.017889434471726418,0.010707803070545197,0.013534752652049065,0.01020828541368246,-0.27894963739499473,-0.047773048601349885,0.23117658879364483
48h_LB_11,48h,LB,11,kanR,2,2094.331366599236,3583.1739154866264,75.26382088710844,17796,10717,0.017984338104724884,0.010968961752951145,0.01336690317839384,0.010376134887337685,-0.29671953420971614,-0.05556117872634019,0.24115835548337594
48h_LB_11,48h,LB,11,rpoS,3,2549.425660176047,3813.957215257402,77.24453907244937,18745,11001,0.01756732165813446,0.011435966938734055,0.013229572214186192,0.010559243150055408,-0.28358580915045,-0.07976177916092425,0.20382402998952576
48h_LB_11,48h,LB,11,PA14,4,3051.228399294671,3583.958414968652,80.61398536437875,20416,12236,0.04451044648885727,0.021036604419350624,0.012939650565385818,0.010620279237627983,-1.235427629693151,-0.6834986789021668,0.5519289507909843
48h_LB_11,48h,LB,11,PA14_rpoS,5,3057.7962458939464,3026.251853589864,82.36008544541815,21310,12440,0.03932362049818039,0.021759245544672012,0.01188677828758955,0.01028458122164011,-1.1963986546630092,-0.749392944840791,0.4470057098222182
48h_LB_12,48h,LB,12,WT,1,2143.8738721257396,2961.7507034054524,81.00395048263178,20614,12289,0.018352115526795387,0.009389451704919338,0.01425192691385746,0.009277485311031342,-0.25285273582118967,-0.011996369471108862,0.2408563663500808
48h_LB_12,48h,LB,12,kanR,2,2089.643953317405,3527.863030692887,83.23278418330135,21764,12535,0.01783580146729946,0.009616359136998653,0.013946746475994587,0.00936903990805149,-0.2459615021545981,-0.02605509840809565,0.21990640374650247
48h_LB_12,48h,LB,12,rpoS,3,2497.6991361334526,3752.7363717605003,80.07120410930456,20142,12187,0.017603417858481407,0.01009075716137886,0.013641566038131714,0.00962844304740429,-0.2549716216903845,-0.04689833690262683,0.20807328478775766
48h_LB_12,48h,LB,12,PA14,4,3014.2247941660785,3618.899553046342,82.25373323343125,21255,12421,0.04550916329026222,0.02145012840628624,0.013412680476903915,0.009689479134976864,-1.2217131329354027,-0.7946899600455846,0.42702317288981817
48h_LB_12,48h,LB,12,PA14_rpoS,5,3031.064509046197,3069.7580800983665,85.1384327326812,22772,13621,0.040003590285778046,0.02008824050426483,0.012344548478722572,0.009353780187666416,-1.175754660337313,-0.7643540345774426,0.41140062575987046
48h_LB_2,48h,LB,2,WT,1,2107.8355574687903,3043.94509016119,81.57759980806318,20907,12340,0.020344363525509834,0.009087196551263332,0.01577782817184925,0.00885023269802332,-0.2541982226396825,-0.026422698183001334,0.22777552445668117
48h_LB_2,48h,LB,2,kanR,2,2149.1068226298303,3587.927813936553,83.62766593265691,21971,12674,0.02052881568670273,0.009148447774350643,0.01594567857682705,0.008941787295043468,-0.2526416855074344,-0.022848732399447125,0.22979295310798725
48h_LB_2,48h,LB,2,rpoS,3,2611.615172864275,3683.324826202585,82.59743210643528,21433,12464,0.02047737129032612,0.009301098994910717,0.0161593034863472,0.009033340960741043,-0.2368244858968644,-0.02921028109361896,0.20761420480324544
48h_LB_2,48h,LB,2,PA14,4,3086.280141526335,3450.6048011465423,84.30434827879093,22328,12742,0.04793541133403778,0.022001974284648895,0.0158846415579319,0.009140154346823692,-1.1045018049184403,-0.8784549172587253,0.22604688765971503
48h_LB_2,48h,LB,2,PA14_rpoS,5,2965.8750096443177,2983.067818841139,90.83627507585405,25922,15352,0.041512630879879,0.019947119057178497,0.01428244449198246,0.00886549148708582,-1.0669666143070333,-0.8109183454615351,0.25604826884549825
48h_LB_3,48h,LB,3,WT,1,2133.648553042562,3044.980807586648,91.96982442933046,26573,15746,0.01914781704545021,0.008452549576759338,0.015106432139873505,0.008194094523787498,-0.2370680940746766,-0.031054406129426136,0.20601368794525046
48h_LB_3,48h,LB,3,kanR,2,2118.3686688395674,3606.5907186093436,78.43858610433064,19329,11131,0.019826393574476242,0.008627102710306644,0.015259021893143654,0.008346685208380222,-0.2618431311671352,-0.03304424669155697,0.22879888447557822
48h_LB_3,48h,LB,3,rpoS,3,2560.595928685471,3839.023283661522,84.71865977263872,22548,12854,0.01942976750433445,0.008818943053483963,0.015487907454371452,0.00859082955867052,-0.22674674230432032,-0.026206723694406235,0.20054001860991408
48h_LB_3,48h,LB,3,PA14,4,2991.31167690957,3753.7755048287972,85.15338635231574,22780,13581,0.04600024223327637,0.020562345162034035,0.014831769280135632,0.008636606857180595,-1.1318752092599211,-0.867451717567391,0.2644234916925301
48h_LB_3,48h,LB,3,PA14_rpoS,5,3135.239710349994,3134.3465395979856,87.45666501250952,24029,14069,0.04143897816538811,0.019503658637404442,0.013839933089911938,0.008468757383525372,-1.0966638238421715,-0.8342182804668224,0.2624455433753491
48h_LB_4,48h,LB,4,WT,1,2180.605533724498,2974.5281800075363,76.89761215822166,18577,10970,0.01663091965019703,0.010339013300836086,0.012634470127522945,0.009765774011611938,-0.2748347892681933,-0.0570406140265516,0.21779417524164174
48h_LB_4,48h,LB,4,kanR,2,2131.0924215387845,3503.9276267450405,77.87860149839587,19054,11090,0.017469126731157303,0.010408731177449226,0.013015945442020893,0.009781032800674438,-0.2942599578290253,-0.06219990841501459,0.2320600494140107
48h_LB_4,48h,LB,4,rpoS,3,2565.902979412211,3706.7733825686682,79.32633950944262,19769,11292,0.017337337136268616,0.01059956569224596,0.013305867090821266,0.009964141063392162,-0.2646573192657929,-0.06182027324376581,0.20283704602202707
48h_LB_4,48h,LB,4,PA14,4,3020.9526532908308,3521.4327301706358,82.40258789669547,21332,12428,0.043137550354003906,0.020493781194090843,0.01280231960117817,0.009964141063392162,-1.2147674823647063,-0.7211287291314576,0.4936387532332487
48h_LB_4,48h,LB,4,PA14_rpoS,5,3008.9576833255487,2979.002895843064,82.55310208099365,21410,12464,0.03702811524271965,0.020807072520256042,0.011154345236718655,0.009796292521059513,-1.1998483661939798,-0.7532889540041148,0.44655941218986506
48h_LB_5,48h,LB,5,WT,1,2186.7662525686533,3018.398094526434,82.5569578107583,21412,12444,0.019297972321510315,0.010643250308930874,0.014801251702010632,0.01020828541368246,-0.2652882776758691,-0.04172623141072736,0.22356204626514176
48h_LB_5,48h,LB,5,kanR,2,2148.76054006518,3592.2036107806116,78.44264407717819,19331,11125,0.019040482118725777,0.010969731025397778,0.014358739368617535,0.01031509879976511,-0.28220857833850327,-0.06153103014105898,0.22067754819744428
48h_LB_5,48h,LB,5,rpoS,3,2537.546968299432,3810.915092965678,80.97447341909611,20599,12267,0.01889125630259514,0.011236465536057949,0.014496071264147758,0.010620279237627983,-0.2648215201137133,-0.056399031897040305,0.20842248821667297
48h_LB_5,48h,LB,5,PA14,4,3053.396169088507,3709.3735799207398,85.02245300644934,22710,13572,0.04669012501835823,0.0219963937997818,0.014328221790492535,0.010589761659502983,-1.1813015424515503,-0.7309908685552758,0.45031067389627444
48h_LB_5,48h,LB,5,PA14_rpoS,5,3043.2311542866837,3176.0368642090525,86.62285464593336,23573,13795,0.04124957323074341,0.02199419029057026,0.012954909354448318,0.01016250904649496,-1.1581659497711776,-0.7720729757247692,0.3860929740464084
48h_LB_6,48h,LB,6,WT,1,2072.470956427897,3025.7862403885065,108.61931656663192,37065,25333,0.022041793912649155,0.00991456676274538,0.01756313443183899,0.009430075995624065,-0.22713830379399588,-0.05010091034920642,0.17703739344478947
48h_LB_6,48h,LB,6,kanR,2,2130.1846275752773,3607.672010240156,102.19776898476081,32812,20503,0.021853018552064896,0.009770974516868591,0.01756313443183899,0.00949111208319664,-0.21853699016152436,-0.029060416423892153,0.18947657373763221
48h_LB_6,48h,LB,6,rpoS,3,2577.5037926675095,3874.903016073686,83.96384554794162,22148,12712,0.022609353065490723,0.010145558044314384,0.017914092168211937,0.009918364696204662,-0.2327759980424394,-0.02264792006258091,0.2101280779798585
48h_LB_6,48h,LB,6,PA14,4,3032.6420424166813,3630.073917305293,84.52305653198421,22444,12752,0.05146302655339241,0.023319976404309273,0.016479743644595146,0.009811551310122013,-1.1387316500178006,-0.8657499529961693,0.27298169702163133
48h_LB_6,48h,LB,6,PA14_rpoS,5,3087.9271854876047,3105.2535039353506,86.96392692283786,23759,14002,0.04594889655709267,0.022287940606474876,0.014999618753790855,0.009750515222549438,-1.1195050501566366,-0.8267256252611385,0.29277942489549813
48h_LB_7,48h,LB,7,WT,1,2135.8105421954033,3017.5251575117577,84.69987139783787,22538,12779,0.02059851959347725,0.00881666038185358,0.016250858083367348,0.00872816052287817,-0.23707349630695485,-0.01008851672724402,0.2269849795797108
48h_LB_7,48h,LB,7,kanR,2,2176.6962002275313,3500.1643230944255,83.63527813601627,21975,12656,0.02058679796755314,0.00884219165891409,0.016205081716179848,0.008758679032325745,-0.23932511575258528,-0.009489672956773672,0.2298354427958116
48h_LB_7,48h,LB,7,rpoS,3,2601.356848562534,3735.552966489654,83.38561718785034,21844,12639,0.02084042690694332,0.009137854911386967,0.016403447836637497,0.009063859470188618,-0.23940315497803294,-0.008130646079143171,0.23127250889888976
48h_LB_7,48h,LB,7,PA14,4,3108.3253044173853,3584.3690783041507,84.63219871247384,22502,12777,0.05040016397833824,0.02167510986328125,0.01596093736588955,0.009094377048313618,-1.1498501061148994,-0.8685082755562444,0.2813418305586549
48h_LB_7,48h,LB,7,PA14_rpoS,5,3063.048333543479,3026.4223931408396,87.02612896119723,23793,13998,0.0439620241522789,0.019928285852074623,0.014465552754700184,0.008796826004981995,-1.1115560228449513,-0.8177491469290203,0.2938068759159309
48h_LB_8,48h,LB,8,WT,1,2167.833637691746,2988.3113130021916,83.50005836506793,21904,12639,0.01790616102516651,0.010062582790851593,0.013656824827194214,0.00961318425834179,-0.27090546095735746,-0.04568835385200617,0.22521710710535128
48h_LB_8,48h,LB,8,kanR,2,2124.62122297007,3518.5586424172993,81.65949917593318,20949,12354,0.01807291992008686,0.010192465037107468,0.013687342405319214,0.009704737924039364,-0.2779431871856377,-0.0490345134127958,0.2289086737728419
48h_LB_8,48h,LB,8,rpoS,3,2593.216828644501,3815.566496163683,78.88572922204058,19550,11174,0.018890706822276115,0.010639340616762638,0.01414511352777481,0.010086213238537312,-0.2893008678935333,-0.053389044421075484,0.23591182347245784
48h_LB_8,48h,LB,8,PA14,4,3092.9861757397784,3549.678789247798,83.93920020275513,22135,12697,0.04487074539065361,0.0214066319167614,0.01358052995055914,0.009933623485267162,-1.1951488863668012,-0.7677754623274274,0.42737342403937373
48h_LB_8,48h,LB,8,PA14_rpoS,5,3136.7615292233786,3034.75256204964,89.17051618596301,24980,14236,0.038622044026851654,0.020429493859410286,0.012390325777232647,0.009765774011611938,-1.1369072133828493,-0.7380958090929536,0.3988114042898957
48h_LB_9,48h,LB,9,WT,1,2147.290353164257,2994.259397961602,81.94356014383963,21095,12381,0.019111081957817078,0.011589710600674152,0.01438925787806511,0.010879682376980782,-0.2837864265030268,-0.06322063958706829,0.22056578691595852
48h_LB_9,48h,LB,9,kanR,2,2157.9730426743226,3553.5002676268796,80.88007462263548,20551,12284,0.019078196957707405,0.011605040170252323,0.014358739368617535,0.010910200886428356,-0.28418739041709923,-0.061741288450881046,0.22244610196621817
48h_LB_9,48h,LB,9,rpoS,3,2597.15534338822,3813.8750057654165,83.07392275769072,21681,12500,0.019743192940950394,0.011961239390075207,0.015106432139873505,0.011184862814843655,-0.26768814807043895,-0.06711004132046451,0.20057810674997445
48h_LB_9,48h,LB,9,PA14,4,3061.082718764825,3576.1844999353084,85.91071720654854,23187,13684,0.048269230872392654,0.02337314561009407,0.014602883718907833,0.01098649576306343,-1.195575291477161,-0.7549208791335358,0.4406544123436251
48h_LB_9,48h,LB,9,PA14_rpoS,5,3065.545510054547,3102.2777008874054,88.42850594684387,24566,14165,0.04189003258943558,0.023033812642097473,0.013321125879883766,0.010772869922220707,-1.1456967258781785,-0.7599323218277313,0.3857644040504472
48h_NaCl-_1,48h,NaCl-,1,WT,1,2067.795476519337,2949.7583218232044,96.0117404481482,28960,17039,0.025440165773034096,0.008772959932684898,0.018142977729439735,0.006469825282692909,-0.33804567080056547,-0.30452515209146597,0.0335205187090995
48h_NaCl-_1,48h,NaCl-,1,kanR,2,2011.9763641968966,3496.721268797314,96.39720176106464,29193,17082,0.025707075372338295,0.008819792419672012,0.018310826271772385,0.006515602581202984,-0.33927377585625723,-0.30279863689855585,0.03647513895770138
48h_NaCl-_1,48h,NaCl-,1,rpoS,3,2517.7095601214432,3806.9438325213587,94.9549674110947,28326,15999,0.02604557015001774,0.009057175368070602,0.018554970622062683,0.006775005720555782,-0.33910999069441694,-0.2903170907881485,0.04879289990626845
48h_NaCl-_1,48h,NaCl-,1,PA14,4,3001.7030459584544,3580.824023248305,94.1926295290709,27873,15974,0.048838865011930466,0.018621191382408142,0.016723887994885445,0.006820783019065857,-1.0716882938648926,-1.004325976374953,0.0673623174899396
48h_NaCl-_1,48h,NaCl-,1,PA14_rpoS,5,2988.3146406094734,3009.2066909572704,98.02946222380616,30190,17567,0.04577097296714783,0.017841177061200142,0.016510261222720146,0.00680552376434207,-1.0196680322903542,-0.9637745030264598,0.05589352926389435
48h_NaCl-_10,48h,NaCl-,10,WT,1,2077.3548253942045,3040.140138693965,87.81443675551597,24226,14107,0.02406763657927513,0.009102795273065567,0.016617074608802795,0.006759746931493282,-0.37043729987942753,-0.29759608603473786,0.07284121384468967
48h_NaCl-_10,48h,NaCl-,10,kanR,2,2057.740842089901,3565.2700671336834,93.40362605662231,27408,15806,0.023924533277750015,0.009044907055795193,0.016647592186927795,0.006744487676769495,-0.36263883685549525,-0.29347631226601195,0.0691625245894833
48h_NaCl-_10,48h,NaCl-,10,rpoS,3,2513.1952674331906,3923.7365302358435,90.06381531792631,25483,15290,0.025487152859568596,0.00941170658916235,0.01771572418510914,0.007064927369356155,-0.36372189853013137,-0.2868115605193068,0.07691033801082459
48h_NaCl-_10,48h,NaCl-,10,PA14,4,3011.896644507756,3616.1582779360556,89.69017473300383,25272,14360,0.04802582040429115,0.01817242056131363,0.015594720840454102,0.006958113983273506,-1.1248063420479553,-0.9599966327889758,0.16480970925897942
48h_NaCl-_10,48h,NaCl-,10,PA14_rpoS,5,3052.1369661266567,3079.5333946980854,92.98008662478087,27160,15672,0.04598984122276306,0.018257297575473785,0.0158541239798069,0.007202258333563805,-1.0649908746355834,-0.9301702329709703,0.13482064166461305
48h_NaCl-_11,48h,NaCl-,11,WT,1,2134.0954157141136,2918.3269963502185,89.08658929502495,24933,14229,0.019283520057797432,0.009935147128999233,0.012970169074833393,0.00782787799835205,-0.3965988140468937,-0.23838722093093026,0.15821159311596342
48h_NaCl-_11,48h,NaCl-,11,kanR,2,2098.9192814559146,3469.1246470034516,90.08678514711205,25496,15250,0.01886264979839325,0.009788393042981625,0.012771801091730595,0.007797360420227051,-0.38994406470540416,-0.22741203161147303,0.16253203309393113
48h_NaCl-_11,48h,NaCl-,11,rpoS,3,2524.961602603213,3775.5915802318486,88.46269582048974,24585,14167,0.019643578678369522,0.010087702423334122,0.013305867090821266,0.008010986261069775,-0.3895454274890367,-0.23050321792072084,0.15904220956831586
48h_NaCl-_11,48h,NaCl-,11,PA14,4,3049.4656346749225,3594.1408875129,87.812624336153,24225,14132,0.04468502104282379,0.019552884623408318,0.01269550621509552,0.008163576945662498,-1.2583902562310847,-0.8734404025039332,0.3849498537271515
48h_NaCl-_11,48h,NaCl-,11,PA14_rpoS,5,2992.668452267075,3059.7225559594413,91.20871052379465,26135,15424,0.04171427711844444,0.019321048632264137,0.012298772111535072,0.00807202234864235,-1.2213440180835489,-0.8727910526339245,0.34855296544962433
48h_NaCl-_12,48h,NaCl-,12,WT,1,2090.4030841721997,2991.3306917969585,86.20292508355267,23345,13717,0.018719512969255447,0.010130491107702255,0.012466620653867722,0.008102540858089924,-0.40651172923206647,-0.2233720989357608,0.18313963029630567
48h_NaCl-_12,48h,NaCl-,12,kanR,2,2087.680705631958,3500.4856745252127,88.18700096523509,24432,14128,0.018629057332873344,0.010133709758520126,0.012619211338460445,0.008102540858089924,-0.38950222174710764,-0.22368976760339648,0.16581245414371115
48h_NaCl-_12,48h,NaCl-,12,rpoS,3,2509.1812150984592,3812.265104757106,87.0700095281914,23817,14002,0.018760183826088905,0.010453551076352596,0.012726024724543095,0.008468757383525372,-0.38808765471643303,-0.2105579466703874,0.17752970804604562
48h_NaCl-_12,48h,NaCl-,12,PA14,4,3023.8920602845837,3609.5031994611436,86.95477581139384,23754,14026,0.04324827715754509,0.020467078313231468,0.011444266885519028,0.008545052260160446,-1.3294685021613462,-0.8734652268822064,0.45600327527913975
48h_NaCl-_12,48h,NaCl-,12,PA14_rpoS,5,3083.920133240375,3088.6218142381285,90.65387273301184,25818,15348,0.04170200601220131,0.02081659808754921,0.011047531850636005,0.008636606857180595,-1.3283421923745165,-0.879740872648864,0.4486013197256524
48h_NaCl-_2,48h,NaCl-,2,WT,1,2200.0220302554353,2945.811234190295,87.75642076982534,24194,14084,0.020991962403059006,0.010022658854722977,0.01414511352777481,0.0077668423764407635,-0.3947703910255982,-0.25498471999544275,0.13978567103015543
48h_NaCl-_2,48h,NaCl-,2,kanR,2,2099.376096205609,3475.239428670661,85.62680607355055,23034,13643,0.02096916176378727,0.010145304724574089,0.014114595018327236,0.007858396507799625,-0.39584350128795387,-0.2554284307610573,0.14041507052689656
48h_NaCl-_2,48h,NaCl-,2,rpoS,3,2606.2352264175997,3755.010181045549,84.79940234917942,22591,12811,0.021048903465270996,0.010317805223166943,0.01425192691385746,0.00805676355957985,-0.3899563472623726,-0.2473591328598153,0.1425972144025573
48h_NaCl-_2,48h,NaCl-,2,PA14,4,3079.32533344844,3570.9460871066603,85.87365797041535,23167,13720,0.045403074473142624,0.019764894619584084,0.013290608301758766,0.00802624598145485,-1.2285221793605765,-0.9011904456158492,0.32733173374472735
48h_NaCl-_2,48h,NaCl-,2,PA14_rpoS,5,3124.227753625976,3059.4070326626397,90.96058966154118,25993,15411,0.04416025057435036,0.019760483875870705,0.013122758828103542,0.008178835734724998,-1.2134770382475337,-0.8821343698987203,0.33134266834881343
48h_NaCl-_3,48h,NaCl-,3,WT,1,2094.1822631965406,2904.0511544423593,88.33486599248026,24514,14155,0.024272944778203964,0.009648298844695091,0.016647592186927795,0.0072938124649226665,-0.3770967538903219,-0.279755233099834,0.09734152079048786
48h_NaCl-_3,48h,NaCl-,3,kanR,2,2063.7181154822333,3530.749484454315,89.59074779245046,25216,14306,0.024070894345641136,0.009726825170218945,0.016586557030677795,0.007324330508708954,-0.3724108572804924,-0.2836857974691819,0.08872505981131051
48h_NaCl-_3,48h,NaCl-,3,rpoS,3,2546.8588744198623,3791.3402874780336,84.0491005548356,22193,12716,0.024918707087635994,0.00999273732304573,0.016952773556113243,0.007537956815212965,-0.3851873579853238,-0.28190739555488986,0.10327996243043391
48h_NaCl-_3,48h,NaCl-,3,PA14,4,3018.1408577684283,3566.585068475508,86.10686487661154,23293,13754,0.04872661456465721,0.018705101683735847,0.015548943541944027,0.00746166193857789,-1.1422326842201735,-0.9190181345906191,0.22321454962955445
48h_NaCl-_3,48h,NaCl-,3,PA14_rpoS,5,3019.354950435925,3039.205700863888,89.41826452716826,25119,14329,0.046097688376903534,0.01834573782980442,0.015548943541944027,0.007492179982364178,-1.0867701081848964,-0.8955374690995116,0.1912326390853848
48h_NaCl-_4,48h,NaCl-,4,WT,1,2124.133911472448,3008.3743450767843,93.85747759308477,27675,15870,0.023132571950554848,0.008496583439409733,0.016311895102262497,0.006286717019975185,-0.3493470629610651,-0.3012251363434737,0.048121926617591404
48h_NaCl-_4,48h,NaCl-,4,kanR,2,2141.0692657342656,3537.1182517482516,95.41311620975605,28600,17130,0.023206427693367004,0.008514579385519028,0.016479743644595146,0.006363012362271547,-0.34229732723405976,-0.29127800892325173,0.051019318310808026
48h_NaCl-_4,48h,NaCl-,4,rpoS,3,2588.5272695408344,3775.243953732913,95.29628037244449,28530,16947,0.02352825738489628,0.008624175563454628,0.016693370416760445,0.006607156712561846,-0.34319048113374995,-0.26641595956555997,0.07677452156818998
48h_NaCl-_4,48h,NaCl-,4,PA14,4,3100.1711003214114,3509.948198044177,96.48466681981725,29246,17088,0.04457966983318329,0.017112430185079575,0.015243763104081154,0.0065766386687755585,-1.0731074791476791,-0.9562813366425521,0.11682614250512702
48h_NaCl-_4,48h,NaCl-,4,PA14_rpoS,5,3033.4419797409923,3052.9707654827544,99.64936130949125,31196,17743,0.041695598512887955,0.016909301280975342,0.014602883718907833,0.006607156712561846,-1.0491765477796815,-0.9397104302481324,0.10946611753154911
48h_NaCl-_5,48h,NaCl-,5,WT,1,2219.0466481430753,2942.5234610417565,90.18742995370476,25553,15263,0.023295195773243904,0.009049427695572376,0.016250858083367348,0.006836041808128357,-0.3601014368101415,-0.2804926365432779,0.07960880026686362
48h_NaCl-_5,48h,NaCl-,5,kanR,2,2110.320590935648,3459.7584926133045,87.33465230214175,23962,14040,0.023129140958189964,0.00925302691757679,0.0159151591360569,0.0068970778957009315,-0.37382127602194704,-0.29385290379959134,0.0799683722223557
48h_NaCl-_5,48h,NaCl-,5,rpoS,3,2543.3271871322086,3762.287269517458,80.56658860259543,20392,12248,0.024008147418498993,0.009587163105607033,0.016250858083367348,0.007156481500715017,-0.390247535997972,-0.2924065774800781,0.09784095851789393
48h_NaCl-_5,48h,NaCl-,5,PA14,4,3087.8799576943416,3603.417988718491,84.9887518280071,22692,12850,0.04907790943980217,0.01889493316411972,0.015564202331006527,0.007354848552495241,-1.1484354690104868,-0.9435340368231997,0.20490143218728707
48h_NaCl-_5,48h,NaCl-,5,PA14_rpoS,5,3063.6158806056656,3027.387705571253,93.7404006711606,27606,15922,0.045511484146118164,0.018519170582294464,0.01516746822744608,0.007309071719646454,-1.0988118068719117,-0.9296901652802567,0.169121641591655
48h_NaCl-_6,48h,NaCl-,6,WT,1,2194.670001181521,2934.7470757354968,89.90109187375107,25391,14319,0.020996911451220512,0.009808341041207314,0.014465552754700184,0.0076752882450819016,-0.37260520220493176,-0.2452273011969345,0.12737790100799726
48h_NaCl-_6,48h,NaCl-,6,kanR,2,2142.246094076364,3519.577700726878,87.29090476944079,23938,14013,0.02065909467637539,0.009872738271951675,0.01441977545619011,0.007797360420227051,-0.3595550825712226,-0.23599198004321037,0.12356310252801223
48h_NaCl-_6,48h,NaCl-,6,rpoS,3,2582.1795717309883,3724.211814036802,88.42490624376502,24564,14173,0.020550943911075592,0.00988655723631382,0.01441977545619011,0.0079499501734972,-0.35430631225703746,-0.21801031834041373,0.13629599391662373
48h_NaCl-_6,48h,NaCl-,6,PA14,4,3094.2841304347826,3637.972739130435,85.56358677747905,23000,13651,0.04717110097408295,0.020294450223445892,0.014084077440202236,0.008194094523787498,-1.2087365378509873,-0.9069337458727551,0.30180279197823223
48h_NaCl-_6,48h,NaCl-,6,PA14_rpoS,5,3058.3506210333685,3082.5431608456956,90.41655162003413,25683,15346,0.04445420578122139,0.019880224019289017,0.013656824827194214,0.008117799647152424,-1.1802201917149073,-0.8956663317035395,0.28455386001136784
48h_NaCl-_7,48h,NaCl-,7,WT,1,2029.6054990809857,3001.4141190592295,92.11852829791451,26659,15504,0.023781808093190193,0.009202780202031136,0.016540780663490295,0.007003891281783581,-0.3630920355686884,-0.2730397422767214,0.09005229329196701
48h_NaCl-_7,48h,NaCl-,7,kanR,2,2107.8547930283225,3604.107189542484,93.62827706148178,27540,15841,0.023381633684039116,0.00926927663385868,0.016327153891324997,0.007064927369356155,-0.35912122421016934,-0.2715626077703364,0.08755861643983293
48h_NaCl-_7,48h,NaCl-,7,rpoS,3,2543.2808118622916,3894.1678778536298,93.12717733810878,27246,15645,0.024288080632686615,0.009516583755612373,0.01725795306265354,0.007400625851005316,-0.34171263672654434,-0.25147136410702736,0.09024127261951698
48h_NaCl-_7,48h,NaCl-,7,PA14,4,3016.7335037429248,3612.4715355121416,93.36442702198256,27385,15846,0.048451345413923264,0.019169462844729424,0.01579308696091175,0.007309071719646454,-1.120987796905014,-0.9642022580841428,0.1567855388208711
48h_NaCl-_7,48h,NaCl-,7,PA14_rpoS,5,3028.6110035659703,3061.6964510103585,96.81236800472198,29445,17435,0.0459742546081543,0.018672186881303787,0.01597619615495205,0.007354848552495241,-1.0569816832371965,-0.9316753213866593,0.12530636185053723
48h_NaCl-_8,48h,NaCl-,8,WT,1,2134.167460128541,3019.235578830437,89.57298136798076,25206,14289,0.022530321031808853,0.010174811817705631,0.015548943541944027,0.00782787799835205,-0.37086930653181943,-0.26222377246059153,0.1086455340712279
48h_NaCl-_8,48h,NaCl-,8,kanR,2,2100.228630833205,3561.522331741876,90.92383826019122,25972,15364,0.02270807884633541,0.010228471830487251,0.01574731059372425,0.0079194325953722,-0.36605116274845273,-0.2558556263595485,0.11019553638890422
48h_NaCl-_8,48h,NaCl-,8,rpoS,3,2585.463347113539,3871.2347187361584,92.86361739934136,27092,15591,0.023841533809900284,0.010360690765082836,0.016739146783947945,0.008194094523787498,-0.35367908272963144,-0.2346051959847961,0.11907388674483535
48h_NaCl-_8,48h,NaCl-,8,PA14,4,3056.162874995685,3563.2406876790833,96.0233433758993,28967,17038,0.04835226759314537,0.02027047425508499,0.015457388944923878,0.008102540858089924,-1.140425982465942,-0.9169876584132475,0.22343832405269448
48h_NaCl-_8,48h,NaCl-,8,PA14_rpoS,5,3051.5074141048826,3067.6743383199077,98.3940810632428,30415,17571,0.04618147760629654,0.02013719454407692,0.01521324459463358,0.008239871822297573,-1.1104123967330821,-0.8935837916214394,0.2168286051116427
48h_NaCl-_9,48h,NaCl-,9,WT,1,2149.328701229289,2930.0361386342147,87.99006399388706,24323,14096,0.016558310016989708,0.010490497574210167,0.010864423587918282,0.008453498594462872,-0.421394531527658,-0.21588946394979086,0.20550506757786713
48h_NaCl-_9,48h,NaCl-,9,kanR,2,2034.2045957293124,3477.285630445578,83.96953190805071,22151,12691,0.016703354194760323,0.010568794794380665,0.010727092623710632,0.008484016172587872,-0.44283698702945795,-0.21972182908972165,0.2231151579397363
48h_NaCl-_9,48h,NaCl-,9,rpoS,3,2558.5976499690787,3728.6283240568955,87.86698065478205,24255,14087,0.016622619703412056,0.010553467087447643,0.011062790639698505,0.00859082955867052,-0.40717711805263024,-0.20575913587750091,0.20141798217512932
48h_NaCl-_9,48h,NaCl-,9,PA14,4,3082.124528629015,3538.1185904382123,85.69555055045878,23071,13682,0.042736634612083435,0.020745890215039253,0.010818646289408207,0.008667124435305595,-1.3737853521409207,-0.8728110977172229,0.5009742544236978
48h_NaCl-_9,48h,NaCl-,9,PA14_rpoS,5,3038.788284456936,3043.609333974335,92.77616952804144,27041,15635,0.03978954628109932,0.02064475789666176,0.01033035758882761,0.00862134713679552,-1.3485173224669635,-0.8732200794614222,0.4752972430055413
48h_R2A_1,48h,R2A,1,WT,1,2150.6419075554713,2875.404362019208,82.0250941131236,21137,12465,0.020048940554261208,0.00906672328710556,0.015564202331006527,0.00759899290278554,-0.25320275719603574,-0.17659520379537785,0.07660755340065789
48h_R2A_1,48h,R2A,1,kanR,2,1980.8047317718172,3441.914620324896,82.10073172528946,21176,12432,0.017827045172452927,0.007727092131972313,0.015503166243433952,0.00759899290278554,-0.13967241906707195,-0.016716886541998547,0.12295553252507341
48h_R2A_1,48h,R2A,1,rpoS,3,2437.321167525141,3713.7039489820945,80.55275929387257,20385,12306,0.018053321167826653,0.008479475975036621,0.015472648665308952,0.007797360420227051,-0.15425580312827702,-0.08386338373821982,0.0703924193900572
48h_R2A_1,48h,R2A,1,PA14,4,2955.832143629678,3532.906640709496,85.7772290245979,23115,13702,0.01839381456375122,0.00934920646250248,0.01338216196745634,0.008239871822297573,-0.3180918194160334,-0.1263066811243352,0.19178513829169816
48h_R2A_1,48h,R2A,1,PA14_rpoS,5,3009.250425894378,3011.8986152972525,85.36432641569615,22893,13657,0.018114952370524406,0.010169354267418385,0.012970169074833393,0.008346685208380222,-0.33408566097730125,-0.1975142351695236,0.13657142580777765
48h_R2A_10,48h,R2A,10,WT,1,2127.0312076640216,2950.4047803367525,81.10997921123261,20668,12416,0.023152049630880356,0.007867012172937393,0.018326085060834885,0.006317235063761473,-0.2337578555133827,-0.21939672016666387,0.014361135346718845
48h_R2A_10,48h,R2A,10,kanR,2,2123.2265515744803,3594.2939190818342,81.24525899886878,20737,12311,0.021170975640416145,0.006623388733714819,0.018387122079730034,0.006439307238906622,-0.14098063746669584,-0.02818616955495365,0.11279446791174219
48h_R2A_10,48h,R2A,10,rpoS,3,2603.3556006992017,3815.603392072566,82.08328307793431,21167,12406,0.02118983305990696,0.007429640274494886,0.018326085060834885,0.006637674756348133,-0.14519603592956062,-0.11271572741952904,0.032480308510031586
48h_R2A_10,48h,R2A,10,PA14,4,3066.5285483321986,3574.5594792375764,86.49598583092637,23504,13844,0.020366525277495384,0.007952425628900528,0.015518425032496452,0.006912337150424719,-0.27186460555944997,-0.14016918482096583,0.13169542073848414
48h_R2A_10,48h,R2A,10,PA14_rpoS,5,3095.2189459413657,3125.816937807151,86.67979322473143,23604,14022,0.019490793347358704,0.008473235182464123,0.01493858266621828,0.006942855194211006,-0.2659949112334733,-0.19919929234272993,0.06679561889074337
48h_R2A_11,48h,R2A,11,WT,1,2166.4169188643896,2963.118124609694,81.40182369387045,20817,12396,0.01862405426800251,0.0066399225033819675,0.014679179526865482,0.005355916917324066,-0.23802385433555065,-0.21489837660962377,0.02312547772592688
48h_R2A_11,48h,R2A,11,kanR,2,2103.3604912898804,3546.203562340967,80.65346138915518,20436,12250,0.016872577369213104,0.0055709476582705975,0.014648661017417908,0.005432211793959141,-0.14134072998896324,-0.025218796054748152,0.11612193393421509
48h_R2A_11,48h,R2A,11,rpoS,3,2620.139869409397,3856.157248760371,80.52114052643338,20369,12236,0.017914772033691406,0.0063382722437381744,0.015365835279226303,0.0056916153989732265,-0.15347906922458865,-0.1076121053020216,0.04586696392256705
48h_R2A_11,48h,R2A,11,PA14,4,3090.5936687256176,3590.6510078023407,88.50406589084324,24608,14218,0.017666351050138474,0.006793418433517218,0.013443198055028915,0.005935759749263525,-0.2731885023256753,-0.13495923452313108,0.13822926780254424
48h_R2A_11,48h,R2A,11,PA14_rpoS,5,3038.6031894535404,3089.2765043589197,86.51622375954604,23515,13806,0.016828503459692,0.007172005716711283,0.012756542302668095,0.0057984283193945885,-0.2770298214758957,-0.21259845141393957,0.06443137006195615
48h_R2A_12,48h,R2A,12,WT,1,2543.3684402831695,3526.3974423384334,83.4829021895747,21895,12751,0.013456731103360653,0.005805558990687132,0.010711833834648132,0.004928664304316044,-0.22813033845093925,-0.16374788604740284,0.0643824524035364
48h_R2A_12,48h,R2A,12,kanR,2,2557.513936691066,4093.9341703427212,81.03341682346499,20629,12291,0.012059688568115234,0.005022394470870495,0.010696574114263058,0.004943923093378544,-0.11994485346283071,-0.015747641723059886,0.10419721173977083
48h_R2A_12,48h,R2A,12,rpoS,3,2961.6456559647145,4389.176120627757,78.7807473994221,19498,11165,0.01281619630753994,0.0055544194765388966,0.01100175455212593,0.00509651331230998,-0.15265494277096336,-0.08603727128477259,0.06661767148619077
48h_R2A_12,48h,R2A,12,PA14,4,3434.254664025095,4191.103681690606,87.8180614820259,24228,14146,0.01296874601393938,0.0059325210750103,0.009872587397694588,0.0052948808297514915,-0.27278034329192363,-0.11370878917313842,0.1590715541187852
48h_R2A_12,48h,R2A,12,PA14_rpoS,5,3450.56090487239,3696.510128502588,84.4627797858389,22412,12825,0.012319959700107574,0.006276151165366173,0.009277485311031342,0.005249103531241417,-0.28363015634303174,-0.17869961477140509,0.10493054157162665
48h_R2A_2,48h,R2A,2,WT,1,2093.2913652165744,2989.1241191393406,82.31369410558713,21286,12461,0.018407683819532394,0.008591409772634506,0.014435035176575184,0.0073853665962815285,-0.2431099263257796,-0.15126228500327923,0.09184764132250037
48h_R2A_2,48h,R2A,2,kanR,2,2130.49306037474,3556.4366511351245,80.13478423176663,20174,12199,0.016795499250292778,0.007534382864832878,0.014572366140782833,0.0073853665962815285,-0.14198394359490057,-0.01997637083458712,0.12200757276031346
48h_R2A_2,48h,R2A,2,rpoS,3,2559.9282204971996,3868.223543283875,80.49148665160108,20354,12222,0.017889991402626038,0.008418145589530468,0.015152208507061005,0.007705806288868189,-0.16609511957710293,-0.08841545703902902,0.07767966253807392
48h_R2A_2,48h,R2A,2,PA14,4,2998.3646125740765,3578.3643006728157,84.52117353434473,22443,12797,0.017393803223967552,0.008931495249271393,0.012756542302668095,0.007888914085924625,-0.31006974445484925,-0.12412532830908149,0.18594441614576776
48h_R2A_2,48h,R2A,2,PA14_rpoS,5,2998.7723074419173,3146.212597143671,88.44830169505248,24577,14210,0.016727617010474205,0.009431247599422932,0.0120088504627347,0.00782787799835205,-0.3314171502454021,-0.1863369248769865,0.14508022536841558
48h_R2A_3,48h,R2A,3,WT,1,2122.5482403194355,2903.9421487603304,82.79950681390852,21538,12570,0.0269448421895504,0.009964109398424625,0.021133745089173317,0.008209354244172573,-0.24292083830631034,-0.19371531112714852,0.04920552717916182
48h_R2A_3,48h,R2A,3,kanR,2,2104.411057579868,3439.2473455259833,82.4933152244669,21379,12452,0.023967195302248,0.008373451419174671,0.02090485952794552,0.008178835734724998,-0.13670438769051133,-0.023516345674425003,0.11318804201608632
48h_R2A_3,48h,R2A,3,rpoS,3,2528.937782970644,3791.9020982425395,80.86039433555369,20541,12268,0.02487461268901825,0.009549874812364578,0.021286334842443466,0.008636606857180595,-0.15578240249568806,-0.10051826493779425,0.055264137557893805
48h_R2A_3,48h,R2A,3,PA14,4,2987.977206916522,3551.428270042194,87.7201412938155,24174,14122,0.02438918873667717,0.010292142629623413,0.018356602638959885,0.009018082171678543,-0.2841506229266985,-0.13214906070349589,0.15200156222320263
48h_R2A_3,48h,R2A,3,PA14_rpoS,5,3023.2714789160286,3008.1631627982338,88.64601604256809,24687,14393,0.02363663539290428,0.01106670219451189,0.01759365200996399,0.009033340960741043,-0.29525969981223443,-0.20301851401697388,0.09224118579526056
48h_R2A_4,48h,R2A,4,WT,1,2178.420855537952,2912.4425080416727,81.42528243317413,20829,12393,0.02148395963013172,0.008103843778371811,0.016845960170030594,0.006622415501624346,-0.2431957174420792,-0.20187830686330333,0.04131741057877589
48h_R2A_4,48h,R2A,4,kanR,2,2077.463935230618,3489.0964180569185,80.54287976243246,20380,12233,0.019503317773342133,0.006754359230399132,0.01715114153921604,0.006607156712561846,-0.12851985986962092,-0.022034696411339327,0.10648516345828159
48h_R2A_4,48h,R2A,4,rpoS,3,2522.973045179142,3769.6747292591003,81.68288391271722,20961,12363,0.020227838307619095,0.0074621886014938354,0.01748683862388134,0.006744487676769495,-0.14561127035146393,-0.10112321863166905,0.04448805171979488
48h_R2A_4,48h,R2A,4,PA14,4,2996.7322387601657,3595.475487187356,91.09172362536047,26068,15430,0.020157024264335632,0.008031997829675674,0.015381094068288803,0.007080186158418655,-0.27041372904563277,-0.12613309181771928,0.14428063722791348
48h_R2A_5,48h,R2A,5,WT,1,2147.290460125574,2932.359478961672,82.42189994737114,21342,12526,0.01862414740025997,0.00903290044516325,0.014435035176575184,0.007721065077930689,-0.2548007360439245,-0.1569211988865219,0.09787953715740261
48h_R2A_5,48h,R2A,5,kanR,2,2124.0206797510773,3525.7226424126375,81.54442667883187,20890,12346,0.0168050155043602,0.007806363049894571,0.014618143439292908,0.007705806288868189,-0.13941392525909824,-0.01296506857298818,0.12644885668611006
48h_R2A_5,48h,R2A,5,rpoS,3,2531.408004052685,3795.0963019250253,79.26813453884246,19740,11215,0.017525849863886833,0.0086051682010293,0.014999618753790855,0.0079041738063097,-0.15565214175257555,-0.08497202649872564,0.07068011525384992
48h_R2A_5,48h,R2A,5,PA14,4,2970.6178675368196,3527.2118793544405,84.96253055833498,22678,12842,0.017875798046588898,0.009194979444146156,0.013107500039041042,0.008117799647152424,-0.3102631451034075,-0.12459848446957003,0.1856646606338375
48h_R2A_5,48h,R2A,5,PA14_rpoS,5,3011.0747157071783,3034.9977789623313,84.65100210729638,22512,12819,0.0177044365555048,0.009929371066391468,0.012756542302668095,0.008178835734724998,-0.3277709992446216,-0.19394732956688582,0.1338236696777358
48h_R2A_6,48h,R2A,6,WT,1,2169.6189354233784,2999.3338943116796,81.36271076460208,20797,12428,0.021357405930757523,0.009060952812433243,0.016632333397865295,0.007400625851005316,-0.25004996560617687,-0.20240971036638616,0.04764025523979071
48h_R2A_6,48h,R2A,6,kanR,2,2188.077747345154,3545.0589111527556,81.39009178868683,20811,12348,0.017824841663241386,0.007664531469345093,0.0156404972076416,0.007568474858999252,-0.13072955803152628,-0.012611809052545183,0.1181177489789811
48h_R2A_6,48h,R2A,6,rpoS,3,2618.1122920972343,3816.1436866450154,80.42818851016722,20322,12223,0.01792134717106819,0.008655279874801636,0.015548943541944027,0.007995727472007275,-0.1419998847856345,-0.07926219186526642,0.06273769292036807
48h_R2A_6,48h,R2A,6,PA14,4,3083.0107851596204,3526.0194132873166,85.89774829260816,23180,13766,0.018642568960785866,0.00946964044123888,0.013794155791401863,0.008300907909870148,-0.30120261045798363,-0.13172604273538166,0.16947656772260197
48h_R2A_6,48h,R2A,6,PA14_rpoS,5,3044.7257199261835,3047.613707566199,86.12165034396698,23301,13780,0.018291158601641655,0.00966880563646555,0.01350423414260149,0.00804150477051735,-0.30341453011472336,-0.18428856338833868,0.11912596672638467
48h_R2A_7,48h,R2A,7,WT,1,2218.606777170669,2994.5546168327287,83.26146174069235,21779,12590,0.021719414740800858,0.007716512307524681,0.01728847250342369,0.006301976274698973,-0.22816659894153005,-0.20249920971718077,0.025667389224349274
48h_R2A_7,48h,R2A,7,kanR,2,2213.571119842829,3540.4001473477406,80.5033495123152,20360,12240,0.019992541521787643,0.006582406349480152,0.01747157983481884,0.006424048449844122,-0.13478372873220856,-0.024351866469146305,0.11043186226306226
48h_R2A_7,48h,R2A,7,rpoS,3,2621.055645008524,3881.822456904717,81.98433726424166,21116,12392,0.021268391981720924,0.00752582773566246,0.018265049904584885,0.006759746931493282,-0.15223263356346295,-0.1073553494957827,0.044877284067680254
48h_R2A_7,48h,R2A,7,PA14,4,3107.5972112185073,3631.074314688639,89.64047504795818,25244,14360,0.020637348294258118,0.008062425069510937,0.0158693827688694,0.006958113983273506,-0.2627108174133759,-0.14730593016458768,0.1154048872487882
48h_R2A_7,48h,R2A,7,PA14_rpoS,5,3130.617608290532,3111.6874687514205,83.6847405799264,22001,12735,0.02010818012058735,0.008538806810975075,0.01506065484136343,0.006927595939487219,-0.28904099985955134,-0.2091084336176276,0.07993256624192374
48h_R2A_8,48h,R2A,8,WT,1,2144.8751753790452,3000.512921475447,83.86332294412651,22095,12732,0.01961902529001236,0.008563011884689331,0.015609979629516602,0.007309071719646454,-0.22858934393223118,-0.15833570599336177,0.0702536379388694
48h_R2A_8,48h,R2A,8,kanR,2,2136.4361011848787,3548.188640210645,82.27888343528284,21268,12427,0.01755530945956707,0.007556493394076824,0.015365835279226303,0.007400625851005316,-0.13320988089985478,-0.020842674729486282,0.1123672061703685
48h_R2A_8,48h,R2A,8,rpoS,3,2576.209343861628,3931.8894999059976,82.29435666220576,21276,12425,0.018537690863013268,0.008565871976315975,0.0158846415579319,0.007797360420227051,-0.1544533008072781,-0.0940006647599483,0.0604526360473298
48h_R2A_8,48h,R2A,8,PA14,4,3028.925145619036,3699.1014995662413,87.77999438853378,24207,14147,0.018967218697071075,0.009205101057887077,0.014190890826284885,0.007965209893882275,-0.29011188967729357,-0.14467449817089842,0.14543739150639515
48h_R2A_8,48h,R2A,8,PA14_rpoS,5,3115.349093539876,3209.8755213209633,86.48494496469726,23498,13811,0.018707916140556335,0.009640809148550034,0.013870450668036938,0.0079346913844347,-0.29918603122198245,-0.19476058140042402,0.10442544982155844
48h_R2A_9,48h,R2A,9,WT,1,2219.7158880237303,2914.9418335187247,82.87251718333086,21576,12596,0.020022623240947723,0.008953336626291275,0.01573205180466175,0.007644770201295614,-0.24116264880724667,-0.15800448998147099,0.08315815882577568
48h_R2A_9,48h,R2A,9,kanR,2,2212.1133107454016,3464.8987415295255,81.09427999900558,20660,12288,0.018077421933412552,0.007705368101596832,0.015457388944923878,0.007537956815212965,-0.1565766147366868,-0.021966076127198184,0.13461053860948863
48h_R2A_9,48h,R2A,9,rpoS,3,2612.124036679348,3856.3822066139887,80.78359540488451,20502,12259,0.019018858671188354,0.008794167079031467,0.016174564138054848,0.00802624598145485,-0.16199115516310533,-0.091371750335024,0.07061940482808134
48h_R2A_9,48h,R2A,9,PA14,4,3060.664795058956,3549.105932996444,92.21522981265062,26715,15999,0.018482685089111328,0.009398452006280422,0.013839933089911938,0.008316166698932648,-0.2892762370548789,-0.122343580170201,0.16693265688467793
48h_R2A_9,48h,R2A,9,PA14_rpoS,5,3106.999451893077,3039.906779661017,86.88885935784373,23718,14011,0.01843947172164917,0.01014003437012434,0.013275349512696266,0.008377202786505222,-0.3285846737960543,-0.19097732530407813,0.1376073484919762
72h_LB_1,72h,LB,1,WT,1,2137.0234358294488,3029.324680323312,86.2730552874742,23383,13727,0.018829988315701485,0.006668041925877333,0.01492332387715578,0.007415884640067816,-0.23252537221974312,0.10629802010329867,0.3388233923230418
72h_LB_1,72h,LB,1,kanR,2,2169.153880051117,3510.750451681135,84.99062446628311,22693,12817,0.01873910054564476,0.006743603385984898,0.014770733192563057,0.007400625851005316,-0.23796454318909202,0.09297016203124016,0.3309347052203322
72h_LB_1,72h,LB,1,rpoS,3,2587.928116793519,3752.3506476165044,84.56635390562387,22467,12763,0.018383892253041267,0.0068419515155255795,0.01504539605230093,0.007568474858999252,-0.20040282593109343,0.10091857519171835,0.3013214011228118
72h_LB_1,72h,LB,1,PA14,4,3094.116064451308,3609.1580396680683,92.48752116592274,26873,15541,0.05047319084405899,0.01372983306646347,0.014770733192563057,0.007751583121716976,-1.2287945849703146,-0.5716739651261779,0.6571206198441367
72h_LB_1,72h,LB,1,PA14_rpoS,5,3060.3083408953416,3052.62435722928,91.75325536344145,26448,15537,0.04479445517063141,0.01416566502302885,0.012939650565385818,0.007522698026150465,-1.2417880787607296,-0.6328962268170423,0.6088918519436873
72h_LB_10,72h,LB,10,WT,1,2121.023237410072,3078.3774100719424,94.0692023773423,27800,16163,0.019380467012524605,0.006605218164622784,0.01509117241948843,0.007034409325569868,-0.2501557389356595,0.06295375713934603,0.31310949607500554
72h_LB_10,72h,LB,10,kanR,2,2125.3975042818693,3639.3440665524836,80.65148804681637,20435,12246,0.019869757816195488,0.0066359993070364,0.01509117241948843,0.007064927369356155,-0.2750889031844183,0.0626334678344409,0.3377223710188592
72h_LB_10,72h,LB,10,rpoS,3,2574.5785503728107,3855.8408184498007,85.68997872848192,23068,13750,0.018796145915985107,0.006984113249927759,0.01509117241948843,0.007263294421136379,-0.21954187946063253,0.03919546889585607,0.2587373483564886
72h_LB_10,72h,LB,10,PA14,4,3001.0685234948073,3754.5386375190647,93.62487728018247,27538,15828,0.05126917362213135,0.013997413218021393,0.014816510491073132,0.007431143894791603,-1.2413475348082497,-0.6331927392918366,0.608154795516413
72h_LB_10,72h,LB,10,PA14_rpoS,5,3124.984889448539,3130.7353801711047,92.70752524390095,27001,15608,0.04697079956531525,0.014724856242537498,0.013687342405319214,0.007400625851005316,-1.2330546290438738,-0.6879723955801202,0.5450822334637535
72h_LB_11,72h,LB,11,WT,1,2123.836599528216,2981.696833605516,83.76647975792872,22044,12682,0.018402252346277237,0.0066241188906133175,0.01438925787806511,0.007354848552495241,-0.2459911197372115,0.1046423973622185,0.35063351709943
72h_LB_11,72h,LB,11,kanR,2,2101.840420887181,3526.07304400978,85.38483257085852,22904,13649,0.018503623083233833,0.006758438888937235,0.014465552754700184,0.007324330508708954,-0.24619640429595377,0.08040982280115813,0.3266062270971119
72h_LB_11,72h,LB,11,rpoS,3,2550.7997946153505,3674.216546858954,84.43451024822943,22397,12774,0.018071597442030907,0.006819913629442453,0.014465552754700184,0.007400625851005316,-0.22257135273622977,0.08171776362353178,0.3042891163597615
72h_LB_11,72h,LB,11,PA14,4,3049.1072826938134,3497.626207256591,92.39110464644698,26817,15529,0.048473652452230453,0.013778746128082275,0.01417563110589981,0.007660028990358114,-1.2294960308381508,-0.5871115009015017,0.6423845299366492
72h_LB_11,72h,LB,11,PA14_rpoS,5,2984.345427582798,3019.6819574888777,98.28078904977883,30345,17472,0.04165472090244293,0.01403940748423338,0.012512397952377796,0.00746166193857789,-1.2026947202330363,-0.6320900263553335,0.5706046938777027
72h_LB_12,72h,LB,12,WT,1,2102.953338046662,3053.530602969397,79.39252084555208,19802,11228,0.020445896312594414,0.006339322775602341,0.015030136331915855,0.007064927369356155,-0.3077249186644148,0.10837079072236179,0.4160957093867766
72h_LB_12,72h,LB,12,kanR,2,2099.1370591157474,3627.14391455539,80.04734854371947,20130,12183,0.020242469385266304,0.006364664528518915,0.015411612577736378,0.007110704202204943,-0.2726615534322119,0.11083975785388743,0.3835013112860993
72h_LB_12,72h,LB,12,rpoS,3,2566.8595002845173,3895.568361698826,78.44264407717819,19331,11141,0.019891301169991493,0.006539820693433285,0.015442130155861378,0.007248035632073879,-0.2531830104833517,0.1028207366665459,0.3560037471498976
72h_LB_12,72h,LB,12,PA14,4,3052.9764517604026,3641.927617741198,83.43522763700895,21870,12697,0.052004024386405945,0.01365361176431179,0.014206149615347385,0.007339589763432741,-1.2976461652709317,-0.6207211342251491,0.6769250310457826
72h_LB_12,72h,LB,12,PA14_rpoS,5,3082.736129962674,3092.8862402443165,86.62836646658558,23576,13841,0.04615011066198349,0.01430919487029314,0.012741283513605595,0.007232776377350092,-1.2870519670018823,-0.68227935816313,0.6047726088387523
72h_LB_2,72h,LB,2,WT,1,2111.0759125457444,2997.9005817772354,82.36781479510861,21314,12441,0.018107794225215912,0.007060638628900051,0.014099336229264736,0.007751583121716976,-0.25021474542185,0.09336159150872904,0.34357633693057904
72h_LB_2,72h,LB,2,kanR,2,2109.031966332378,3562.759446633238,84.31944981913217,22336,12756,0.017805427312850952,0.007568468805402517,0.013809414580464363,0.007797360420227051,-0.2541527405049329,0.029794493182958372,0.28394723368789127
72h_LB_2,72h,LB,2,rpoS,3,2533.2275703674745,3747.5073299452697,80.70869538572094,20464,12269,0.01723223738372326,0.007877958007156849,0.01348897535353899,0.007995727472007275,-0.24490918473580112,0.01483859887609588,0.259747783611897
72h_LB_2,72h,LB,2,PA14,4,3031.1917786623576,3566.90750009853,89.86922021549603,25373,14308,0.048349618911743164,0.014278830029070377,0.013076981529593468,0.008209354244172573,-1.3076047905126784,-0.553503757236863,0.7541010332758155
72h_LB_2,72h,LB,2,PA14_rpoS,5,2997.644836449421,3022.647723671702,95.08059253867657,28401,16893,0.04231064394116402,0.015187102369964123,0.012069886550307274,0.0077668423764407635,-1.2543250484599882,-0.6705828441327892,0.5837422043271989
72h_LB_3,72h,LB,3,WT,1,2111.154494652664,2999.8654494652665,81.28638642111683,20758,12391,0.01673133485019207,0.007516173645853996,0.012619211338460445,0.007751583121716976,-0.28206293746382766,0.030839911496724024,0.3129028489605517
72h_LB_3,72h,LB,3,kanR,2,2125.194729055942,3577.0396142677114,76.21990378333184,18251,10813,0.016740646213293076,0.007785727735608816,0.012314030900597572,0.0077668423764407635,-0.30710033138752135,-0.0024285848980823096,0.30467174648943907
72h_LB_3,72h,LB,3,rpoS,3,2582.647801733249,3799.7041323187486,77.61247506774961,18924,11046,0.016125543043017387,0.008138567209243774,0.012069886550307274,0.0079346913844347,-0.2896909034476012,-0.02536968572981676,0.26432121771778444
72h_LB_3,72h,LB,3,PA14,4,3080.3932521867914,3562.3828388948027,82.93203066833203,21607,12544,0.04570344090461731,0.013364708982408047,0.011856259778141975,0.008239871822297573,-1.3493176089578989,-0.48363278649512137,0.8656848224627776
72h_LB_3,72h,LB,3,PA14_rpoS,5,3075.9452936444086,3005.854920890319,91.15285491445393,26103,15367,0.03924022987484932,0.015241792425513268,0.010772869922220707,0.0077668423764407635,-1.292671563442318,-0.6741774613415628,0.6184941021007553
72h_LB_4,72h,LB,4,WT,1,2135.3723477700555,3038.0828922538776,83.16200392676465,21727,12514,0.017743630334734917,0.0067945439368486404,0.01361104752868414,0.007225146982818842,-0.26514481586098193,0.061447649545252385,0.3265924654062343
72h_LB_4,72h,LB,4,kanR,2,2136.9428023807122,3604.0484212650053,79.44061809603343,19826,11235,0.01805732399225235,0.006778995040804148,0.013778897002339363,0.007202258333563805,-0.2704131448133665,0.06056576738536948,0.330978912198736
72h_LB_4,72h,LB,4,rpoS,3,2602.968802984062,3802.548418350046,81.0609090776312,20643,12287,0.017478227615356445,0.007180705666542053,0.013778897002339363,0.007339589763432741,-0.2378177510738052,0.021885290045045466,0.2597030411188507
72h_LB_4,72h,LB,4,PA14,4,3016.6338890779175,3595.8479925144607,86.51070479399233,23512,13807,0.048009034246206284,0.012663742527365685,0.01333638560026884,0.007644770201295614,-1.2808931473927903,-0.5047212110681629,0.7761719363246273
72h_LB_4,72h,LB,4,PA14_rpoS,5,3037.639620113493,3060.6529003783103,89.87453294343105,25376,14395,0.04245958477258682,0.014389959163963795,0.01187151949852705,0.007354848552495241,-1.2744104648673702,-0.6711709203424426,0.6032395445249276
72h_LB_5,72h,LB,5,WT,1,2149.9962366331633,3026.5131488365687,83.28057462613124,21789,12522,0.016333168372511864,0.00756876403465867,0.012375066988170147,0.00758373411372304,-0.2775141881238152,0.001975922885900071,0.27949011100971527
72h_LB_5,72h,LB,5,kanR,2,2171.3335213385976,3582.9100864824213,82.29435666220576,21276,12432,0.016372011974453926,0.007834415882825851,0.012268253602087498,0.00759899290278554,-0.28855837215362085,-0.030510595020808454,0.2580477771328124
72h_LB_5,72h,LB,5,rpoS,3,2613.589865898659,3833.9358293582936,84.10399687753369,22222,12714,0.016763443127274513,0.007898824289441109,0.01281757839024067,0.007751583121716976,-0.2683829706098046,-0.018816828002046374,0.24956614260775822
72h_LB_5,72h,LB,5,PA14,4,3070.2550796667156,3587.2796740242657,93.32862222026665,27364,15636,0.04505552724003792,0.013154259882867336,0.012756542302668095,0.0079194325953722,-1.2618514059808372,-0.5074260903685027,0.7544253156123345
72h_LB_5,72h,LB,5,PA14_rpoS,5,3065.767763312025,3115.3623280564943,97.52323358710724,29879,17381,0.0391719751060009,0.01455694530159235,0.01123064011335373,0.007553216069936752,-1.2493158029288798,-0.6560947779527637,0.5932210249761161
72h_LB_6,72h,LB,6,WT,1,2185.2871343743127,3039.697734770178,85.06923804988782,22735,13592,0.01800951361656189,0.0071992333978414536,0.013900969177484512,0.007660028990358114,-0.2589415898197129,0.06204122055600177,0.32098281037571463
72h_LB_6,72h,LB,6,kanR,2,2201.832840510072,3569.0624653483646,83.00300703325131,21644,12518,0.01815727725625038,0.007418399676680565,0.013977264054119587,0.007721065077930689,-0.2616394177393902,0.03998896106269365,0.3016283788020839
72h_LB_6,72h,LB,6,rpoS,3,2699.606584931778,3810.552254300969,80.241961452383,20228,12228,0.01847599819302559,0.007643846329301596,0.01429770328104496,0.007888914085924625,-0.2563735801175804,0.031557570954889314,0.2879311510724697
72h_LB_6,72h,LB,6,PA14,4,3163.7841883614087,3490.155321592649,91.18253246713766,26120,15386,0.049522992223501205,0.013560890220105648,0.013855191878974438,0.00802624598145485,-1.27377702379956,-0.5244730113569294,0.7493040124426307
72h_LB_6,72h,LB,6,PA14_rpoS,5,3149.463180642415,2975.364788317344,98.597678643765,30541,17500,0.04191945493221283,0.014696110971271992,0.012420844286680222,0.007705806288868189,-1.2163739851684836,-0.6456087908191809,0.5707651943493027
72h_LB_7,72h,LB,7,WT,1,2126.2527775568105,3022.268660674038,109.56468745745272,37713,25664,0.01975509710609913,0.0071213445626199245,0.015579461120069027,0.007019150070846081,-0.2374580874557415,-0.014454412481072345,0.22300367497466916
72h_LB_7,72h,LB,7,kanR,2,2187.8075493024776,3604.1231743954313,103.4468948959458,33619,20937,0.019353803247213364,0.006922819186002016,0.015564202331006527,0.0069886320270597935,-0.2179153954319298,0.00946174932271955,0.22737714475464935
72h_LB_7,72h,LB,7,rpoS,3,2636.2927104589066,3867.7942517257848,85.62494734872104,23033,13886,0.01932142861187458,0.00676572322845459,0.015564202331006527,0.007263294421136379,-0.2162412157906243,0.07096433963424571,0.28720555542487003
72h_LB_7,72h,LB,7,PA14,4,3088.940139249372,3622.3405017921145,87.89957831149789,24273,14172,0.05121288448572159,0.013302208855748177,0.01429770328104496,0.007400625851005316,-1.2758922358490294,-0.586365529723533,0.6895267061254965
72h_LB_7,72h,LB,7,PA14_rpoS,5,3141.339725822159,3095.2391190351336,92.18588471851233,26698,15560,0.04540424048900604,0.014628411270678043,0.01278706081211567,0.007339589763432741,-1.2671717179327264,-0.6896826646726768,0.5774890532600496
72h_LB_8,72h,LB,8,WT,1,2182.211497866607,3033.1874691219405,84.18532898244266,22265,12725,0.017268197610974312,0.00693547772243619,0.01333638560026884,0.007415884640067816,-0.258370462127285,0.066974335486487,0.325344797613772
72h_LB_8,72h,LB,8,kanR,2,2171.207262259482,3605.142770567143,79.39051616109596,19801,11234,0.016881301999092102,0.007421423215419054,0.012909132987260818,0.007415884640067816,-0.26827157446675765,-0.0007465741982894961,0.26752500026846815
72h_LB_8,72h,LB,8,rpoS,3,2567.8434287899795,3804.5384137304586,81.59710711358798,20917,12369,0.016536392271518707,0.0076825423166155815,0.012741283513605595,0.00758373411372304,-0.26071615255161124,-0.012944817696682405,0.24777133485492883
72h_LB_8,72h,LB,8,PA14,4,3077.167567341125,3680.2147794394873,87.16866003956507,23871,14053,0.04653588682413101,0.012637734413146973,0.01280231960117817,0.007873655296862125,-1.2905974012492263,-0.4731647190099548,0.8174326822392715
72h_LB_8,72h,LB,8,PA14_rpoS,5,3042.2654427895163,3147.761921256206,90.94309084649275,25983,15431,0.04108285531401634,0.014277606271207333,0.011474784463644028,0.0073701078072190285,-1.2754389161828696,-0.6612599808541239,0.6141789353287458
72h_LB_9,72h,LB,9,WT,1,2165.489967772118,2995.5727726374885,78.25372572857962,19238,11104,0.01624191924929619,0.00725952722132206,0.012344548478722572,0.00746166193857789,-0.2743809612330194,0.027463463687904376,0.3018444249209238
72h_LB_9,72h,LB,9,kanR,2,2124.276707801931,3524.1320287086282,78.51565172449041,19367,11151,0.016932955011725426,0.0074884649366140366,0.012878614477813244,0.007415884640067816,-0.2736935805478879,-0.009739555545545491,0.2639540250023424
72h_LB_9,72h,LB,9,rpoS,3,2561.263152684979,3719.9627319970305,80.19632940692168,20205,12378,0.01657714694738388,0.007567703258246183,0.012878614477813244,0.007537956815212965,-0.25245691364604866,-0.003938455034651737,0.24851845861139693
72h_LB_9,72h,LB,9,PA14,4,3013.3869772838843,3528.4394162538492,84.45335765805997,22407,12832,0.04593881592154503,0.012647422961890697,0.012634470127522945,0.007843137718737125,-1.2908816193930335,-0.477814502469861,0.8130671169231725
72h_LB_9,72h,LB,9,PA14_rpoS,5,2991.5201226523573,2984.8322047612965,86.45365485323099,23481,13799,0.03987853601574898,0.014665813185274601,0.010925459675490856,0.00747692072764039,-1.2947424190280308,-0.6736981118435081,0.6210443071845226
72h_NaCl-_1,72h,NaCl-,1,WT,1,2067.541090087546,3065.996530439343,88.82537446494453,24787,14199,0.021538369357585907,0.007368167396634817,0.01441977545619011,0.0054016937501728535,-0.4012354058294031,-0.31045645627846624,0.09077894955093685
72h_NaCl-_1,72h,NaCl-,1,kanR,2,2083.3865979381444,3574.3506716651045,90.28443700546907,25608,15298,0.021200601011514664,0.007213965058326721,0.014602883718907833,0.005371175706386566,-0.372810506671413,-0.29497191458377764,0.07783859208763538
72h_NaCl-_1,72h,NaCl-,1,rpoS,3,2514.8023935205706,3868.8853205463997,88.8791114122049,24817,14212,0.021008657291531563,0.007324019446969032,0.014557107351720333,0.005630579311400652,-0.36685525261608304,-0.2629469479602597,0.10390830465582335
72h_NaCl-_1,72h,NaCl-,1,PA14,4,3019.771489481517,3647.163106874221,88.95786688323422,24861,14243,0.05108245089650154,0.01740993745625019,0.01281757839024067,0.0057068741880357265,-1.3826234710092464,-1.1153697152596727,0.2672537557495738
72h_NaCl-_1,72h,NaCl-,1,PA14_rpoS,5,3059.5914615144907,3125.226900903708,90.39718689268088,25672,15351,0.04920726642012596,0.019549572840332985,0.012603952549397945,0.005981536582112312,-1.3620308448966318,-1.18427594810721,0.1777548967894218
72h_NaCl-_10,72h,NaCl-,10,WT,1,2048.0799282059115,2919.176926602001,91.29765977071231,26186,15446,0.025021934881806374,0.00775108253583312,0.016510261222720146,0.005508507136255503,-0.41577075555649035,-0.34153886635760133,0.07423188919888901
72h_NaCl-_10,72h,NaCl-,10,kanR,2,2014.0635673978848,3546.3283007586233,92.29113849331395,26759,15547,0.02468745969235897,0.007830001413822174,0.016403447836637497,0.005508507136255503,-0.40880386327002916,-0.35166904127145937,0.057134821998569785
72h_NaCl-_10,72h,NaCl-,10,rpoS,3,2496.0052916881777,3811.0333849595595,86.01624843281664,23244,13720,0.024997195228934288,0.007561324164271355,0.016632333397865295,0.005569543223828077,-0.40741503181021027,-0.3057332847755026,0.10168174703470767
72h_NaCl-_10,72h,NaCl-,10,PA14,4,2968.411319054834,3586.0337032638517,88.16353617410083,24419,14158,0.0562765970826149,0.01907341741025448,0.015030136331915855,0.005630579311400652,-1.3202214919797652,-1.2200832729442932,0.10013821903547204
72h_NaCl-_10,72h,NaCl-,10,PA14_rpoS,5,2969.812070792293,3057.6864576384255,90.06381531792631,25483,15309,0.05139825493097305,0.01913440227508545,0.01496910024434328,0.005844205617904663,-1.2336161284185607,-1.1860372034167972,0.04757892500176353
72h_NaCl-_11,72h,NaCl-,11,WT,1,2134.9794595438925,2983.678850359263,90.28443700546907,25608,15286,0.02220815047621727,0.007805894128978252,0.014908064156770706,0.005661097355186939,-0.3985570749470279,-0.3212613534601568,0.07729572148687114
72h_NaCl-_11,72h,NaCl-,11,kanR,2,2043.3052019809274,3514.7205418900667,88.18880569056685,24433,14127,0.022264445200562477,0.007893029600381851,0.014740215614438057,0.005722133442759514,-0.4124115059562913,-0.3216383255704263,0.09077318038586496
72h_NaCl-_11,72h,NaCl-,11,rpoS,3,2553.235708227311,3786.569974554707,86.63571501530869,23580,13788,0.021730473265051842,0.007573308423161507,0.014740215614438057,0.0057068741880357265,-0.3881360588714875,-0.2829585698740156,0.10517748899747192
72h_NaCl-_11,72h,NaCl-,11,PA14,4,3022.063159206046,3593.7105722116103,87.55306207710869,24082,14095,0.05339431017637253,0.018902897834777832,0.01336690317839384,0.005752651486545801,-1.384922449652876,-1.189654358286708,0.19526809136616796
72h_NaCl-_11,72h,NaCl-,11,PA14_rpoS,5,3058.563675609004,3081.4799953746533,90.87481327162254,25944,15391,0.05051911249756813,0.019750095903873444,0.013290608301758766,0.006027313880622387,-1.3352940869131693,-1.1868568950016294,0.14843719191153992
72h_NaCl-_12,72h,NaCl-,12,WT,1,2098.841965635315,3000.714594194404,101.58076383065813,32417,18940,0.025404131039977074,0.007049553096294403,0.01771572418510914,0.005020218435674906,-0.36045918291836476,-0.3394907783787483,0.02096840453961646
72h_NaCl-_12,72h,NaCl-,12,kanR,2,2020.005871799054,3546.1842440058717,98.78152439076906,30655,17627,0.025739144533872604,0.007028150372207165,0.017975127324461937,0.005035477224737406,-0.359023979722081,-0.3334152630990135,0.025608716623067518
72h_NaCl-_12,72h,NaCl-,12,rpoS,3,2514.044811162541,3875.5125444422083,97.41709781492946,29814,17353,0.02552323043346405,0.0067970058880746365,0.018112458288669586,0.005111772567033768,-0.34298903010769105,-0.28493597857098024,0.05805305153671081
72h_NaCl-_12,72h,NaCl-,12,PA14,4,3005.5055680857063,3664.6216521003666,95.03873594672461,28376,16911,0.05484358221292496,0.01895558089017868,0.01593041978776455,0.005233844742178917,-1.2362546981299447,-1.2869522539008775,-0.05069755577093282
72h_NaCl-_12,72h,NaCl-,12,PA14_rpoS,5,3015.786457336141,3095.965696598379,99.87589906092276,31338,17769,0.0495462603867054,0.018415672704577446,0.015487907454371452,0.005477989092469215,-1.1628472312137936,-1.2124639997942215,-0.04961676858042785
72h_NaCl-_2,72h,NaCl-,2,WT,1,2123.1859987838247,2959.4603222864093,91.51704609124958,26312,15427,0.021619848906993866,0.007854417897760868,0.014618143439292908,0.005859464406967163,-0.39134836508942117,-0.2930179617279759,0.09833040336144527
72h_NaCl-_2,72h,NaCl-,2,kanR,2,2110.060735990455,3510.3793296297677,92.39799487724531,26821,15530,0.021075552329421043,0.007724486291408539,0.014435035176575184,0.005813687574118376,-0.37845546133956864,-0.28418025720751483,0.09427520413205381
72h_NaCl-_2,72h,NaCl-,2,rpoS,3,2546.5294002658534,3799.581241692079,90.23153699682278,25578,15261,0.021613718941807747,0.007639682851731777,0.01493858266621828,0.00588998245075345,-0.36938094245926306,-0.26010307260287713,0.10927786985638593
72h_NaCl-_2,72h,NaCl-,2,PA14,4,3061.9399089774056,3596.574851987595,88.90059709618006,24829,14240,0.05395201966166496,0.01922506093978882,0.013992522843182087,0.0060120546258986,-1.349572022495689,-1.162448127213054,0.18712389528263507
72h_NaCl-_2,72h,NaCl-,2,PA14_rpoS,5,2981.8989504328506,3064.7655328277024,91.15809283170661,26106,15443,0.04957364499568939,0.019889792427420616,0.013427939265966415,0.006225680932402611,-1.306121785452698,-1.1615238336844846,0.14459795176821344
72h_NaCl-_3,72h,NaCl-,3,WT,1,2115.8257963035785,3049.812583562721,89.97010840081164,25430,14378,0.024386171251535416,0.007182367146015167,0.016205081716179848,0.0050049591809511185,-0.40869134041523314,-0.3611997577203525,0.04749158269488063
72h_NaCl-_3,72h,NaCl-,3,kanR,2,2092.2749885494836,3575.683190642286,95.0504576504213,28383,16916,0.024165425449609756,0.007058654446154833,0.016235599294304848,0.0048981462605297565,-0.3977165925704598,-0.3653976256174241,0.03231896695303571
72h_NaCl-_3,72h,NaCl-,3,rpoS,3,2544.643579296816,3935.8887505658668,91.85727223774894,26508,15530,0.02535969763994217,0.006999101955443621,0.01722743548452854,0.005035477224737406,-0.3866580074525199,-0.32927354558951144,0.05738446186300844
72h_NaCl-_3,72h,NaCl-,3,PA14,4,3043.776974011559,3629.9433918934437,91.19474982872589,26127,15464,0.054331306368112564,0.01829107291996479,0.014694438315927982,0.005111772567033768,-1.3076315289958045,-1.2748668961753682,0.03276463282043629
72h_NaCl-_3,72h,NaCl-,3,PA14_rpoS,5,3084.288762394418,3093.984943077488,93.0998292199541,27230,15691,0.05034360662102699,0.018940502777695656,0.015030136331915855,0.005615320056676865,-1.2088143579968993,-1.2158040463538715,-0.0069896883569722235
72h_NaCl-_4,72h,NaCl-,4,WT,1,2091.2727272727275,2955.7525896722327,90.74862740200004,25872,15323,0.01877545565366745,0.007569058798253536,0.012893873266875744,0.0057831695303320885,-0.3757982085303731,-0.2691168325575177,0.10668137597285537
72h_NaCl-_4,72h,NaCl-,4,kanR,2,1987.3691904681427,3504.9081460199427,86.79722568261015,23668,13966,0.01896798051893711,0.007606197614222765,0.012756542302668095,0.005752651486545801,-0.3967080599333489,-0.2793025139110804,0.11740554602226849
72h_NaCl-_4,72h,NaCl-,4,rpoS,3,2516.4452635313596,3745.1848858753497,89.85859381730953,25367,14319,0.018556149676442146,0.007323769852519035,0.013031205162405968,0.0057831695303320885,-0.3534543748402955,-0.23617330853914253,0.11728106630115298
72h_NaCl-_4,72h,NaCl-,4,PA14,4,3034.980337902989,3543.5805978283656,87.13578894542678,23853,14003,0.0494808554649353,0.017037365585565567,0.01255817525088787,0.005813687574118376,-1.3712139685673388,-1.0751938437919588,0.29602012477538
72h_NaCl-_4,72h,NaCl-,4,PA14_rpoS,5,2981.3159288404877,3049.3399843359566,92.3842139017591,26813,15557,0.04617621749639511,0.018786227330565453,0.012146181426942348,0.0060120546258986,-1.3354500582013409,-1.1393574545682956,0.19609260363304526
72h_NaCl-_5,72h,NaCl-,5,WT,1,2104.7420846541113,3029.5822860339363,92.38765933834642,26815,15551,0.022244861349463463,0.0074129425920546055,0.014999618753790855,0.0053864349611103535,-0.3940862469878794,-0.31934372256453014,0.07474252442334928
72h_NaCl-_5,72h,NaCl-,5,kanR,2,2110.8496576362013,3581.9225109513886,86.51254448829644,23513,13896,0.02177288942039013,0.0072038727812469006,0.015320057980716228,0.005462729837745428,-0.35150264236058754,-0.27667013260096635,0.07483250975962119
72h_NaCl-_5,72h,NaCl-,5,rpoS,3,2626.2473110670817,3843.5371143504103,94.85099168220994,28264,16008,0.02318592183291912,0.007153491955250502,0.01597619615495205,0.0053864349611103535,-0.3724454027975966,-0.28371687397999956,0.08872852881759702
72h_NaCl-_5,72h,NaCl-,5,PA14,4,3069.246999692276,3495.3894416521352,96.48631634183847,29247,17073,0.05301925167441368,0.018705643713474274,0.014755474403500557,0.005508507136255503,-1.2790409268084104,-1.2225316318907966,0.056509294917613806
72h_NaCl-_5,72h,NaCl-,5,PA14_rpoS,5,3024.451687039936,3001.8397894947207,97.75795472950499,30023,17450,0.04893598333001137,0.019230766221880913,0.01429770328104496,0.00588998245075345,-1.230414066641823,-1.1832583857780137,0.04715568086380939
72h_NaCl-_6,72h,NaCl-,6,WT,1,2055.1024381625443,3092.900706713781,94.91137855389772,28300,16027,0.02410306967794895,0.00713058328256011,0.016372930258512497,0.005127031356096268,-0.3867098278085232,-0.32986622923201986,0.05684359857650334
72h_NaCl-_6,72h,NaCl-,6,kanR,2,2171.100312066574,3689.2907073509014,95.81261460549192,28840,17033,0.023541748523712158,0.007161199580878019,0.016235599294304848,0.005188067443668842,-0.37156905930863693,-0.3223162398623311,0.04925281944630583
72h_NaCl-_6,72h,NaCl-,6,rpoS,3,2624.074509384906,3951.7130391423584,94.53669485645396,28077,15987,0.024133937433362007,0.006944423541426659,0.016769664362072945,0.00521858548745513,-0.36404748073224424,-0.28571258360877944,0.07833489712346481
72h_NaCl-_6,72h,NaCl-,6,PA14,4,3076.847250143596,3638.271539345204,94.16390067077549,27856,15927,0.05507981404662132,0.01899017207324505,0.01507591363042593,0.0053101396188139915,-1.295684951351338,-1.2743034575686703,0.021381493782667738
72h_NaCl-_6,72h,NaCl-,6,PA14_rpoS,5,3055.373518839036,3090.4855212355214,97.79213782562384,30044,17480,0.0499814935028553,0.018959276378154755,0.015030136331915855,0.005600061267614365,-1.2015955325934289,-1.2195157920627318,-0.01792025946930287
72h_NaCl-_7,72h,NaCl-,7,WT,1,2144.942069172256,2934.6050136770714,92.16689173768866,26687,15500,0.021783018484711647,0.007539799902588129,0.014633402228355408,0.005661097355186939,-0.39782395816015015,-0.2865778911181587,0.11124606704199147
72h_NaCl-_7,72h,NaCl-,7,kanR,2,2109.2733354320794,3519.718046592161,89.93826120012821,25412,14336,0.02104727178812027,0.007611960172653198,0.014358739368617535,0.005722133442759514,-0.38241217339791866,-0.28537900188562804,0.09703317151229063
72h_NaCl-_7,72h,NaCl-,7,rpoS,3,2553.4382141595006,3711.8233400086388,90.0355367143585,25467,15250,0.020557576790452003,0.007265421561896801,0.014221408404409885,0.005737392231822014,-0.3684811098730559,-0.23612152966709893,0.13235958020595695
72h_NaCl-_7,72h,NaCl-,7,PA14,4,3061.3226756595236,3610.184154358405,86.35234446001729,23426,13745,0.0527641661465168,0.01874718628823757,0.01412985473871231,0.006118868011981249,-1.3175423725453157,-1.1196665624747761,0.19787581007053956
72h_NaCl-_7,72h,NaCl-,7,PA14_rpoS,5,3009.0587468394438,3055.571626106195,89.76112654754345,25312,14348,0.048946015536785126,0.01972953788936138,0.014053558930754662,0.006301976274698973,-1.2478422986442366,-1.1412536194326603,0.10658867921157622
72h_NaCl-_8,72h,NaCl-,8,WT,1,2137.5231802911535,3007.6525942515864,92.34458214136741,26790,15552,0.024107614532113075,0.0077813672833144665,0.0160982683300972,0.005645838100463152,-0.4038160372135473,-0.32081341177193035,0.08300262544161696
72h_NaCl-_8,72h,NaCl-,8,kanR,2,2035.3350023655576,3527.2688850339064,89.85328014694659,25364,14337,0.023856809362769127,0.007919387891888618,0.0158999003469944,0.005661097355186939,-0.40575684273573676,-0.3356961640306101,0.07006067870512667
72h_NaCl-_8,72h,NaCl-,8,rpoS,3,2471.614289688427,3824.792331231454,82.85715192553988,21568,12499,0.02437976934015751,0.007803629618138075,0.0160677507519722,0.005767910275608301,-0.41693945867989085,-0.30227911680396363,0.11466034187592722
72h_NaCl-_8,72h,NaCl-,8,PA14,4,3013.7426553554265,3657.3563040661957,87.27449379109527,23929,14069,0.05681295320391655,0.01996513269841671,0.014785991981625557,0.005951018538326025,-1.3460841042528076,-1.2104249992260459,0.1356591050267617
72h_NaCl-_8,72h,NaCl-,8,PA14_rpoS,5,2980.783498789944,3084.025337086976,113.53255273764623,40494,23285,0.04902494698762894,0.019454138353466988,0.014541847631335258,0.006164644844830036,-1.2152987544096168,-1.1492292895913538,0.06606946481826292
72h_NaCl-_9,72h,NaCl-,9,WT,1,2088.9374402077356,3067.393057263906,96.52094979240096,29268,17176,0.024816226214170456,0.0072924355044960976,0.017044328153133392,0.005172808654606342,-0.37568023330493383,-0.343421777547105,0.03225845575782882
72h_NaCl-_9,72h,NaCl-,9,kanR,2,2109.698245614035,3598.9541835357627,97.13240976361884,29640,17583,0.02475466951727867,0.007271425798535347,0.01727321371436119,0.00520332669839263,-0.35985717720809796,-0.33465422243450066,0.025202954773597297
72h_NaCl-_9,72h,NaCl-,9,rpoS,3,2559.871411625148,3832.538010506694,96.91095496306258,29505,17378,0.024504635483026505,0.0070297266356647015,0.01724269427359104,0.0052948808297514915,-0.35147376964706234,-0.28340734705501197,0.06806642259205037
72h_NaCl-_9,72h,NaCl-,9,PA14,4,3067.5370723729043,3559.699911407932,96.65277305758944,29348,17106,0.053173940628767014,0.01872442662715912,0.01593041978776455,0.005508507136255503,-1.2053379629325938,-1.2235352589259867,-0.018197295993392926
72h_NaCl-_9,72h,NaCl-,9,PA14_rpoS,5,2997.1763871425346,3105.5245188122644,99.36306023750797,31017,17709,0.04787950590252876,0.019020820036530495,0.015121690928936005,0.0057831695303320885,-1.1525573627176897,-1.190582276583495,-0.03802491386580531
72h_R2A_1,72h,R2A,1,WT,1,2137.4150369210115,2991.8146788990825,84.3364358197381,22345,12963,0.02211936190724373,0.0070594423450529575,0.01573205180466175,0.005111772567033768,-0.3407531818560387,-0.32281983436394424,0.017933347492094465
72h_R2A_1,72h,R2A,1,kanR,2,2162.4371338863116,3557.0411453207744,82.41610680732201,21339,12436,0.018257593736052513,0.005080126691609621,0.01570153422653675,0.00509651331230998,-0.1508226595957989,0.0032204410997168057,0.15404310069551572
72h_R2A_1,72h,R2A,1,rpoS,3,2569.3136885996137,3843.5299501678023,79.11941747567677,19666,11204,0.018879957497119904,0.005889164283871651,0.0159151591360569,0.005188067443668842,-0.17082884969498394,-0.12675283400232965,0.04407601569265429
72h_R2A_1,72h,R2A,1,PA14,4,3036.061047493899,3644.3132344659284,92.07705370234902,26635,15639,0.017851365730166435,0.0055582039058208466,0.013443198055028915,0.005493247881531715,-0.28360675948045827,-0.011755337407061674,0.2718514220733966
72h_R2A_1,72h,R2A,1,PA14_rpoS,5,3044.5810475842172,3140.6241618919908,88.50586415089627,24609,14234,0.017701754346489906,0.006724396254867315,0.012344548478722572,0.005493247881531715,-0.3604492033959104,-0.20222246508405134,0.15822673831185907
72h_R2A_10,72h,R2A,10,WT,1,2063.3929094906557,2981.5754397215096,83.36271009968736,21832,12954,0.023304887115955353,0.007116713561117649,0.016723887994885445,0.0049897003918886185,-0.33182496984000415,-0.35507017411386277,-0.023245204273858622
72h_R2A_10,72h,R2A,10,kanR,2,2057.1005086747205,3516.9859660277953,83.7170656078837,22018,12685,0.019285911694169044,0.004969500470906496,0.016662852838635445,0.0050049591809511185,-0.1461930044320226,0.007109930894554382,0.153302935326577
72h_R2A_10,72h,R2A,10,rpoS,3,2489.0120268506435,3858.8546056311766,82.63403462505433,21452,12461,0.019496195018291473,0.005946176592260599,0.016571298241615295,0.005188067443668842,-0.16254714197278242,-0.13638715716649222,0.0261599848062902
72h_R2A_10,72h,R2A,10,PA14,4,2941.2678763192002,3614.210627661544,92.71439195935692,27005,15718,0.017769983038306236,0.005628206301480532,0.01335164438933134,0.00553902518004179,-0.2858711351616061,-0.015972269853968674,0.26989886530763746
72h_R2A_10,72h,R2A,10,PA14_rpoS,5,2963.8980063350105,3061.3558785168625,92.42210663981872,26835,15800,0.017668960615992546,0.00669454550370574,0.012466620653867722,0.005462729837745428,-0.348754737763643,-0.2033444558134801,0.14541028195016292
72h_R2A_11,72h,R2A,11,WT,1,2110.1993492507218,2974.683378396957,83.34170640451572,21821,12784,0.021399982273578644,0.006981541868299246,0.015533684752881527,0.0052948808297514915,-0.320379217906371,-0.27652931780174006,0.04384990010463097
72h_R2A_11,72h,R2A,11,kanR,2,2169.8464566929133,3539.085950099611,81.91830699255615,21082,12385,0.01802121289074421,0.005160285625606775,0.015503166243433952,0.005249103531241417,-0.1505052811134403,0.017065374307789836,0.16757065542123015
72h_R2A_11,72h,R2A,11,rpoS,3,2610.2547205981023,3833.208712738426,81.49757103810504,20866,12340,0.018620703369379044,0.006062749307602644,0.01573205180466175,0.005355916917324066,-0.16857389856288033,-0.12396146268841157,0.04461243587446875
72h_R2A_11,72h,R2A,11,PA14,4,3038.8267268520276,3529.619921860183,91.60569594442953,26363,15742,0.017195655032992363,0.005734890699386597,0.01257343403995037,0.005600061267614365,-0.3130705589409839,-0.023791153552830922,0.289279405388153
72h_R2A_11,72h,R2A,11,PA14_rpoS,5,3017.6328839482812,3087.724022390413,89.86036497093923,25368,14373,0.017017267644405365,0.0069345892407000065,0.011841000989079475,0.005630579311400652,-0.3626604034472262,-0.20830948803349586,0.15435091541373036
72h_R2A_12,72h,R2A,12,WT,1,2136.2137782463215,2965.3857083925377,83.33406738466424,21817,12856,0.021391775459051132,0.006732943933457136,0.015365835279226303,0.004867628216743469,-0.3308599672461612,-0.3244056830889838,0.006454284157177359
72h_R2A_12,72h,R2A,12,kanR,2,2021.8852224478494,3544.786274690788,83.04901332243735,21668,12504,0.01776653155684471,0.004700211342424154,0.015259021893143654,0.004852368962019682,-0.1521455101165657,0.03185955729756157,0.18400506741412728
72h_R2A_12,72h,R2A,12,rpoS,3,2502.1627123538187,3771.5129698253045,81.32749304517499,20779,12329,0.017538702115416527,0.005607292056083679,0.014984359964728355,0.0050049591809511185,-0.15740300037929292,-0.11363864646759354,0.043764353911699375
72h_R2A_12,72h,R2A,12,PA14,4,2999.084773433145,3547.694353746914,89.40936461925965,25114,14426,0.016810625791549683,0.005550004076212645,0.012390325777232647,0.005447471048682928,-0.30509518520814083,-0.01864718899444964,0.2864479962136912
72h_R2A_12,72h,R2A,12,PA14_rpoS,5,3001.6543638732087,3013.2463190305134,89.79835380837429,25333,14370,0.01722383126616478,0.006922554690390825,0.011841000989079475,0.005493247881531715,-0.3747257946979457,-0.23126519626744013,0.14346059843050557
72h_R2A_2,72h,R2A,2,WT,1,2128.0619627002397,2999.3493681589703,82.31562760007574,21287,12663,0.02293284796178341,0.0069887819699943066,0.016235599294304848,0.004806592129170895,-0.3453639729928491,-0.3743179518810107,-0.02895397888816159
72h_R2A_2,72h,R2A,2,kanR,2,2086.2908355419167,3583.2613102710743,82.73989800667381,21507,12466,0.019188955426216125,0.004853180143982172,0.016220340505242348,0.004867628216743469,-0.16806883391099867,0.0029726094506208186,0.17104144336161947
72h_R2A_2,72h,R2A,2,rpoS,3,2611.204307223175,3873.6020583190393,81.7354751085806,20988,12362,0.019813787192106247,0.005745959002524614,0.016601815819740295,0.0049897003918886185,-0.17686594210232795,-0.14112095931731058,0.035744982785017365
72h_R2A_2,72h,R2A,2,PA14,4,3072.869250393937,3599.145719216628,92.10988929720172,26654,15633,0.018105145543813705,0.005384261719882488,0.013565270230174065,0.0052948808297514915,-0.2886833150134548,-0.0167397292222022,0.2719435857912526
72h_R2A_2,72h,R2A,2,PA14_rpoS,5,3000.322897460019,3091.0833866415805,91.9732853894773,26575,15527,0.017763694748282433,0.006428305990993977,0.012298772111535072,0.00521858548745513,-0.3676573244910023,-0.20848466381444755,0.15917266067655475
72h_R2A_3,72h,R2A,3,WT,1,2063.569270710408,2911.900967665801,82.11817666511845,21185,12733,0.02515646442770958,0.006514381617307663,0.018081940710544586,0.0041962312534451485,-0.33020120902845396,-0.4398254874638946,-0.10962427843544065
72h_R2A_3,72h,R2A,3,kanR,2,2075.6237973059656,3554.7124072207457,83.35125419480751,21826,12639,0.02120763622224331,0.004291650373488665,0.018127718940377235,0.004242008086293936,-0.1569191159903827,-0.011634599019525384,0.1452845169708573
72h_R2A_3,72h,R2A,3,rpoS,3,2558.3308933933936,3764.9419575825827,82.36395021093237,21312,12442,0.02063905820250511,0.005106636788696051,0.01745632104575634,0.00430304417386651,-0.16748348921330128,-0.17121830521590992,-0.0037348160026086374
72h_R2A_3,72h,R2A,3,PA14,4,3014.1011855527986,3520.2386072708655,89.89755113639227,25389,14464,0.017927229404449463,0.004750678315758705,0.013900969177484512,0.004562447778880596,-0.25436219007488275,-0.0404281380504426,0.21393405202444016
72h_R2A_3,72h,R2A,3,PA14_rpoS,5,3032.5029780085524,3059.8779780085524,91.30811869119769,26192,15463,0.017812982201576233,0.005725654773414135,0.013015945442020893,0.0045929658226668835,-0.31375235032890925,-0.22043094966506996,0.09332140066383929
72h_R2A_4,72h,R2A,4,WT,1,2175.041883160891,2880.730718836127,83.93540796890093,22133,13030,0.021368341520428658,0.00655584130436182,0.015320057980716228,0.004791332874447107,-0.3327475095306477,-0.3135478198165777,0.01919968971406999
72h_R2A_4,72h,R2A,4,kanR,2,2120.6320865128037,3426.4557839052477,82.45858038295319,21361,12440,0.017631787806749344,0.004674884025007486,0.015152208507061005,0.004715037997812033,-0.1515571009696846,0.00855262002593569,0.1601097209956203
72h_R2A_4,72h,R2A,4,rpoS,3,2484.064205304331,3849.9076989124214,81.68872905093448,20964,12352,0.01824120618402958,0.005590349901467562,0.015320057980716228,0.004867628216743469,-0.17452016202285045,-0.1384350800753489,0.03608508194750154
72h_R2A_4,72h,R2A,4,PA14,4,2955.645992020312,3588.6125234939163,98.25163570290226,30327,18243,0.016652438789606094,0.005400452297180891,0.012436103075742722,0.00521858548745513,-0.2919528988917438,-0.03425632304159793,0.2576965758501459
72h_R2A_4,72h,R2A,4,PA14_rpoS,5,3047.5335450731286,3077.134454770027,90.09915109114633,25503,15302,0.01711515709757805,0.006620218977332115,0.011688411235809326,0.005264362785965204,-0.3813665926053647,-0.22916833759397376,0.15219825501139095
72h_R2A_5,72h,R2A,5,WT,1,2207.65286978171,2971.0456586493574,84.61527208448841,22493,12967,0.02303466945886612,0.006628650706261396,0.016449226066470146,0.0046082246117293835,-0.33672202029388787,-0.36355860403117735,-0.026836583737289477
72h_R2A_5,72h,R2A,5,kanR,2,2185.404225285842,3516.7184397496826,82.24986328902986,21253,12416,0.01931433007121086,0.004615480545908213,0.016617074608802795,0.004638742655515671,-0.15041655352018368,0.005027360610542837,0.15544391413072653
72h_R2A_5,72h,R2A,5,rpoS,3,2580.9391021231713,3870.4752143807036,83.31496677074247,21807,12532,0.020159844309091568,0.005467154551297426,0.017013808712363243,0.004730296786874533,-0.16966742887456474,-0.1447703431934509,0.024897085681113845
72h_R2A_5,72h,R2A,5,PA14,4,3074.208876727906,3642.8722504530756,94.64437916272712,28141,16036,0.018074342980980873,0.005132855381816626,0.013916227966547012,0.004959182348102331,-0.26143777901422216,-0.03442123100358685,0.2270165480106353
72h_R2A_5,72h,R2A,5,PA14_rpoS,5,3114.7411008708887,3114.9485499281304,86.77155091267751,23654,14057,0.018132273107767105,0.006125382613390684,0.01278706081211567,0.0049897003918886185,-0.3492596095684365,-0.2050653557169704,0.1441942538514661
72h_R2A_6,72h,R2A,6,WT,1,2098.4394177812746,3006.319171256229,85.33635553568458,22878,13799,0.021246908232569695,0.006826845929026604,0.015442130155861378,0.00509651331230998,-0.31911189130404255,-0.2923061286208278,0.026805762683214773
72h_R2A_6,72h,R2A,6,kanR,2,2130.6351977199856,3553.11863199145,84.54564923248981,22456,12779,0.017532849684357643,0.005021559540182352,0.01506065484136343,0.005127031356096268,-0.15199054256408223,0.020786257826751836,0.17277680039083407
72h_R2A_6,72h,R2A,6,rpoS,3,2596.2497937860876,3902.7195490789113,83.34361605007717,21822,12634,0.017899813130497932,0.005927840247750282,0.015228504315018654,0.0052948808297514915,-0.1616213175698359,-0.11291946625528429,0.0487018513145516
72h_R2A_6,72h,R2A,6,PA14,4,3031.319329723748,3645.9428131051654,89.74516727996252,25303,14457,0.017347125336527824,0.0057325721718370914,0.01280231960117817,0.00553902518004179,-0.30380043266039614,-0.03434580061662313,0.269454632043773
72h_R2A_6,72h,R2A,6,PA14_rpoS,5,3080.5312560856864,3138.6873222979552,90.40246859333448,25675,15387,0.017713986337184906,0.006867900490760803,0.012466620653867722,0.005493247881531715,-0.3512997912073648,-0.2233387739610365,0.12796101724632833
72h_R2A_7,72h,R2A,7,WT,1,2174.4434292747587,3009.7741431547056,81.99986607151499,21124,12736,0.023071397095918655,0.007012130226939917,0.016250858083367348,0.004776074085384607,-0.3504479168309766,-0.3840226509121636,-0.033574734081187
72h_R2A_7,72h,R2A,7,kanR,2,2167.8252034410602,3556.6601255521973,82.73605080243085,21505,12482,0.01776082254946232,0.0048306784592568874,0.015289540402591228,0.0049134050495922565,-0.1498260904168376,0.016980268685209528,0.1668063591020471
72h_R2A_7,72h,R2A,7,rpoS,3,2585.9931877476083,3846.8207556285633,81.16882421368503,20698,12304,0.01739041693508625,0.005762720946222544,0.014633402228355408,0.005157549399882555,-0.17261256415440743,-0.11094820548671387,0.061664358667693556
72h_R2A_7,72h,R2A,7,PA14,4,3064.579017586416,3583.3927228623406,88.73215333099982,24735,14367,0.01704319939017296,0.005801103543490171,0.012649728916585445,0.00553902518004179,-0.29811547599119165,-0.04622964057796584,0.2518858354132258
72h_R2A_7,72h,R2A,7,PA14_rpoS,5,3048.6249752778767,3093.8311775641787,89.70614378409326,25281,14388,0.017251107841730118,0.006655545439571142,0.011978331953287125,0.0052948808297514915,-0.36477701708375376,-0.22870993523784583,0.13606708184590793
72h_R2A_8,72h,R2A,8,WT,1,2155.3896594061207,2928.3377290709836,83.6657200236019,21991,12867,0.020292356610298157,0.006818325724452734,0.01441977545619011,0.005020218435674906,-0.3416437334426913,-0.30614050092865197,0.03550323251403931
72h_R2A_8,72h,R2A,8,kanR,2,2135.342276271816,3521.127877831415,82.81103904639518,21544,12487,0.017087848857045174,0.004905832000076771,0.014724955894052982,0.0049897003918886185,-0.14882388353970735,0.016951164772672264,0.1657750483123796
72h_R2A_8,72h,R2A,8,rpoS,3,2542.557693271206,3788.3403477128113,79.70663095591406,19959,11252,0.017433658242225647,0.0057172104716300964,0.014740215614438057,0.00509651331230998,-0.1678232049510614,-0.11492436497993508,0.05289883997112632
72h_R2A_8,72h,R2A,8,PA14,4,2979.2946778711485,3524.75650260104,89.18836278199599,24990,14359,0.016842173412442207,0.005511099472641945,0.012283512391149998,0.005340657662600279,-0.31562815582340586,-0.03141534139431081,0.2842128144290951
72h_R2A_8,72h,R2A,8,PA14_rpoS,5,3018.741794051428,3022.853379152348,89.76999158134655,25317,14369,0.017275173217058182,0.006873397156596184,0.01190203707665205,0.005447471048682928,-0.3725608282608184,-0.23250700229599078,0.1400538259648276
72h_R2A_9,72h,R2A,9,WT,1,2122.5497250663634,2964.860684489951,81.94550237159602,21096,12689,0.022340932860970497,0.006641126237809658,0.0158388651907444,0.0045929658226668835,-0.34395380837712497,-0.36875559909604044,-0.024801790718915473
72h_R2A_9,72h,R2A,9,kanR,2,2044.781857451404,3544.3640717438257,82.33689304280539,21298,12434,0.018643906340003014,0.0044683972373604774,0.0160677507519722,0.004577706567943096,-0.14870515059664682,0.024168338898959654,0.1728734894956065
72h_R2A_9,72h,R2A,9,rpoS,3,2501.059025169046,3805.824802779865,82.33302700721022,21296,12426,0.018875714391469955,0.005236437078565359,0.0160982683300972,0.004547188524156809,-0.1591644339046358,-0.14113218502452268,0.018032248880113122
72h_R2A_9,72h,R2A,9,PA14,4,2968.8477114827356,3618.534406312188,95.48481591311949,28643,17171,0.017750386148691177,0.00493510439991951,0.013641566038131714,0.004882887005805969,-0.2632858125359857,-0.010637183171135914,0.2526486293648498
