Strain,Treatment,Conditions,Time,Replicate,CFU_Count,Dilution_Factor,Volume_plated_uL
WT,H2O2,0.6 mM,0,1,1547,6,100
WT,H2O2,0.6 mM,20,1,91,6,100
WT,H2O2,0.6 mM,40,1,142,4,100
WT,H2O2,0.6 mM,60,1,700,3,100
WT,H2O2,0.6 mM,80,1,944,2,100
WT,H2O2,0.6 mM,0,2,1714,6,100
WT,H2O2,0.6 mM,20,2,181,6,100
WT,H2O2,0.6 mM,40,2,1170,4,100
WT,H2O2,0.6 mM,60,2,1717,3,100
WT,H2O2,0.6 mM,80,2,307,2,100
WT,H2O2,0.6 mM,0,3,1077,6,100
WT,H2O2,0.6 mM,20,3,78,6,100
WT,H2O2,0.6 mM,40,3,303,4,100
WT,H2O2,0.6 mM,60,3,1437,3,100
WT,H2O2,0.6 mM,80,3,1386,2,100
WT,H2O2,0.6 mM,0,4,1167,6,100
WT,H2O2,0.6 mM,20,4,157,6,100
WT,H2O2,0.6 mM,40,4,1130,4,100
WT,H2O2,0.6 mM,60,4,1733,3,100
WT,H2O2,0.6 mM,80,4,51,2,100
kanR,H2O2,0.6 mM,0,1,1286,6,100
kanR,H2O2,0.6 mM,20,1,86,6,100
kanR,H2O2,0.6 mM,40,1,890,4,100
kanR,H2O2,0.6 mM,60,1,281,3,100
kanR,H2O2,0.6 mM,80,1,1598,2,100
kanR,H2O2,0.6 mM,0,2,846,6,100
kanR,H2O2,0.6 mM,20,2,133,6,100
kanR,H2O2,0.6 mM,40,2,463,4,100
kanR,H2O2,0.6 mM,60,2,2097,3,100
kanR,H2O2,0.6 mM,80,2,1431,2,100
kanR,H2O2,0.6 mM,0,3,1131,6,100
kanR,H2O2,0.6 mM,20,3,207,6,100
kanR,H2O2,0.6 mM,40,3,1187,4,100
kanR,H2O2,0.6 mM,60,3,1369,3,100
kanR,H2O2,0.6 mM,80,3,1113,2,100
kanR,H2O2,0.6 mM,0,4,1109,6,100
kanR,H2O2,0.6 mM,20,4,96,6,100
kanR,H2O2,0.6 mM,40,4,127,4,100
kanR,H2O2,0.6 mM,60,4,459,3,100
kanR,H2O2,0.6 mM,80,4,2169,2,100
rpoS::ΩkanR,H2O2,0.6 mM,0,1,1368,6,100
rpoS::ΩkanR,H2O2,0.6 mM,20,1,1270,5,100
rpoS::ΩkanR,H2O2,0.6 mM,40,1,1213,4,100
rpoS::ΩkanR,H2O2,0.6 mM,60,1,987,3,100
rpoS::ΩkanR,H2O2,0.6 mM,80,1,2016,2,100
rpoS::ΩkanR,H2O2,0.6 mM,0,2,1430,6,100
rpoS::ΩkanR,H2O2,0.6 mM,20,2,1207,5,100
rpoS::ΩkanR,H2O2,0.6 mM,40,2,1809,4,100
rpoS::ΩkanR,H2O2,0.6 mM,60,2,1776,3,100
rpoS::ΩkanR,H2O2,0.6 mM,80,2,1090,2,100
rpoS::ΩkanR,H2O2,0.6 mM,0,3,1350,6,100
rpoS::ΩkanR,H2O2,0.6 mM,20,3,288,5,100
rpoS::ΩkanR,H2O2,0.6 mM,40,3,1805,4,100
rpoS::ΩkanR,H2O2,0.6 mM,60,3,1493,3,100
rpoS::ΩkanR,H2O2,0.6 mM,80,3,2278,2,100
rpoS::ΩkanR,H2O2,0.6 mM,0,4,1394,6,100
rpoS::ΩkanR,H2O2,0.6 mM,20,4,1502,5,100
rpoS::ΩkanR,H2O2,0.6 mM,40,4,1897,4,100
rpoS::ΩkanR,H2O2,0.6 mM,60,4,2380,3,100
rpoS::ΩkanR,H2O2,0.6 mM,80,4,2376,2,100
WT,Heat,43.5 °C,0,1,162,5,100
WT,Heat,43.5 °C,20,1,20,4,100
WT,Heat,43.5 °C,40,1,65,3,100
WT,Heat,43.5 °C,60,1,2,1,100
WT,Heat,43.5 °C,80,1,0,1,100
WT,Heat,43.5 °C,0,2,209,5,100
WT,Heat,43.5 °C,20,2,9,4,100
WT,Heat,43.5 °C,40,2,55,3,100
WT,Heat,43.5 °C,60,2,2,1,100
WT,Heat,43.5 °C,80,2,0,1,100
WT,Heat,43.5 °C,0,3,199,5,100
WT,Heat,43.5 °C,20,3,65,4,100
WT,Heat,43.5 °C,40,3,160,3,100
WT,Heat,43.5 °C,60,3,2,1,100
WT,Heat,43.5 °C,80,3,0,1,100
WT,Heat,43.5 °C,0,4,145,5,100
WT,Heat,43.5 °C,20,4,26,4,100
WT,Heat,43.5 °C,40,4,220,3,100
WT,Heat,43.5 °C,60,4,0,1,100
WT,Heat,43.5 °C,80,4,0,1,100
kanR,Heat,43.5 °C,0,1,176,5,100
kanR,Heat,43.5 °C,20,1,101,4,100
kanR,Heat,43.5 °C,40,1,104,3,100
kanR,Heat,43.5 °C,60,1,6,1,100
kanR,Heat,43.5 °C,80,1,0,1,100
kanR,Heat,43.5 °C,0,2,151,5,100
kanR,Heat,43.5 °C,20,2,17,4,100
kanR,Heat,43.5 °C,40,2,212,3,100
kanR,Heat,43.5 °C,80,2,0,1,100
kanR,Heat,43.5 °C,0,3,150,5,100
kanR,Heat,43.5 °C,20,3,43,4,100
kanR,Heat,43.5 °C,40,3,133,3,100
kanR,Heat,43.5 °C,60,3,10,1,100
kanR,Heat,43.5 °C,80,3,0,1,100
kanR,Heat,43.5 °C,0,4,135,5,100
kanR,Heat,43.5 °C,20,4,26,4,100
kanR,Heat,43.5 °C,40,4,137,3,100
kanR,Heat,43.5 °C,60,4,27,1,100
kanR,Heat,43.5 °C,80,4,0,1,100
rpoS::ΩkanR,Heat,43.5 °C,0,1,158,5,100
rpoS::ΩkanR,Heat,43.5 °C,20,1,6,4,100
rpoS::ΩkanR,Heat,43.5 °C,40,1,81,3,100
rpoS::ΩkanR,Heat,43.5 °C,60,1,19,1,100
rpoS::ΩkanR,Heat,43.5 °C,80,1,0,1,100
rpoS::ΩkanR,Heat,43.5 °C,0,2,167,5,100
rpoS::ΩkanR,Heat,43.5 °C,20,2,3,4,100
rpoS::ΩkanR,Heat,43.5 °C,40,2,68,3,100
rpoS::ΩkanR,Heat,43.5 °C,60,2,7,1,100
rpoS::ΩkanR,Heat,43.5 °C,80,2,0,1,100
rpoS::ΩkanR,Heat,43.5 °C,0,3,153,5,100
rpoS::ΩkanR,Heat,43.5 °C,20,3,4,4,100
rpoS::ΩkanR,Heat,43.5 °C,40,3,32,3,100
rpoS::ΩkanR,Heat,43.5 °C,60,3,4,1,100
rpoS::ΩkanR,Heat,43.5 °C,80,3,0,1,100
rpoS::ΩkanR,Heat,43.5 °C,0,4,161,5,100
rpoS::ΩkanR,Heat,43.5 °C,20,4,5,4,100
rpoS::ΩkanR,Heat,43.5 °C,40,4,10,3,100
rpoS::ΩkanR,Heat,43.5 °C,60,4,6,1,100
rpoS::ΩkanR,Heat,43.5 °C,80,4,0,1,100
WT,EtOH,0.2,0,1,169,6,100
WT,EtOH,0.2,0,2,162,6,100
WT,EtOH,0.2,0,3,145,6,100
WT,EtOH,0.2,0,4,179,6,100
WT,EtOH,0.2,10,1,564,5,100
WT,EtOH,0.2,10,2,419,5,100
WT,EtOH,0.2,10,3,589,5,100
WT,EtOH,0.2,10,4,505,5,100
WT,EtOH,0.2,20,1,1408,3,100
WT,EtOH,0.2,20,2,1219,3,100
WT,EtOH,0.2,20,3,2224,3,100
WT,EtOH,0.2,20,4,1832,3,100
WT,EtOH,0.2,40,1,819,3,100
WT,EtOH,0.2,40,2,418,3,100
WT,EtOH,0.2,40,3,1505,3,100
WT,EtOH,0.2,40,4,346,3,100
WT,EtOH,0.2,60,1,138,2,100
WT,EtOH,0.2,60,2,16,2,100
WT,EtOH,0.2,60,4,53,2,100
kanR,EtOH,0.2,0,1,123,6,100
kanR,EtOH,0.2,0,2,107,6,100
kanR,EtOH,0.2,0,3,43,6,100
kanR,EtOH,0.2,0,4,26,6,100
kanR,EtOH,0.2,10,1,605,5,100
kanR,EtOH,0.2,10,2,552,5,100
kanR,EtOH,0.2,10,3,604,5,100
kanR,EtOH,0.2,10,4,680,5,100
kanR,EtOH,0.2,20,1,1372,3,100
kanR,EtOH,0.2,20,2,1148,3,100
kanR,EtOH,0.2,20,3,1086,3,100
kanR,EtOH,0.2,20,4,1019,3,100
kanR,EtOH,0.2,40,1,1884,3,100
kanR,EtOH,0.2,40,2,136,3,100
kanR,EtOH,0.2,40,3,151,3,100
kanR,EtOH,0.2,40,4,1384,3,100
kanR,EtOH,0.2,60,1,66,2,100
kanR,EtOH,0.2,60,2,117,2,100
kanR,EtOH,0.2,60,3,557,2,100
kanR,EtOH,0.2,60,4,712,2,100
rpoS::ΩkanR,EtOH,0.2,0,1,106,6,100
rpoS::ΩkanR,EtOH,0.2,0,2,176,6,100
rpoS::ΩkanR,EtOH,0.2,0,3,164,6,100
rpoS::ΩkanR,EtOH,0.2,0,4,179,6,100
rpoS::ΩkanR,EtOH,0.2,10,1,639,5,100
rpoS::ΩkanR,EtOH,0.2,10,2,643,5,100
rpoS::ΩkanR,EtOH,0.2,10,3,675,5,100
rpoS::ΩkanR,EtOH,0.2,10,4,619,5,100
rpoS::ΩkanR,EtOH,0.2,20,1,645,3,100
rpoS::ΩkanR,EtOH,0.2,20,2,429,3,100
rpoS::ΩkanR,EtOH,0.2,20,3,1135,3,100
rpoS::ΩkanR,EtOH,0.2,20,4,1617,3,100
rpoS::ΩkanR,EtOH,0.2,40,1,765,2,100
rpoS::ΩkanR,EtOH,0.2,40,2,1455,2,100
rpoS::ΩkanR,EtOH,0.2,40,3,1596,2,100
rpoS::ΩkanR,EtOH,0.2,40,4,1792,2,100
rpoS::ΩkanR,EtOH,0.2,60,1,757,2,100
rpoS::ΩkanR,EtOH,0.2,60,2,2139,2,100
rpoS::ΩkanR,EtOH,0.2,60,3,526,2,100
rpoS::ΩkanR,EtOH,0.2,60,4,333,2,100
